RecordID,Temperature_C,Temperature_F,Humidity,WindSpeed,WindDirection,Pressure,Rain,Hour,DayOfWeek,Month,Station,PM25,FullName,Phone,ZodiacSign,FavoriteColor,Hobby
REC00001,21.3,70.3,80.5,10.27,W,1023.0,0.66,11,4,10,Station_3,85.71,Person_1,3438981659.0,Capricorn,Purple,Photography
REC00002,25.9,78.6,36.7,,NE,1013.9,0.71,22,5,4,Station_1,73.33,Person_2,3364836352.0,Taurus,Blue,Gaming
REC00003,27.2,81.0,,3.77,N,1007.9,1.2,21,1,9,Station_19,82.87,Person_3,3943223613.0,Cancer,Gray,Cinema
REC00004,23.9,75.0,80.2,3.11,N,1024.5,0.82,14,4,3,Station_17,106.35,Person_4,3061498447.0,Aquarius,Yellow,Reading
REC00005,20.7,69.3,71.5,3.52,SE,1010.9,1.65,20,5,3,Station_11,67.15,Person_5,3384134345.0,Leo,Purple,Reading
REC00006,24.1,75.3,70.9,1.56,N,1015.1,0.11,7,2,1,Station_4,116.25,Person_6,3544457068.0,Capricorn,Black,Hiking
REC00007,22.8,73.0,44.3,2.78,E,1001.2,0.98,5,5,10,Station_14,97.58,Person_7,3485052699.0,Pisces,Gray,Hiking
REC00008,18.1,64.6,53.3,2.75,SW,1017.3,0.3,10,1,12,Station_13,88.44,Person_8,3014995500.0,Libra,White,Music
REC00009,6.7,44.0,67.1,7.73,NE,1010.1,0.13,22,5,11,Station_16,103.36,Person_9,3911747597.0,Leo,Purple,Hiking
REC00010,16.4,61.5,66.8,6.46,S,1011.6,0.19,10,4,10,Station_7,46.54,Person_10,3832981790.0,Gemini,White,Hiking
REC00011,14.7,58.4,79.6,0.75,W,1020.1,3.31,5,5,4,Station_10,97.76,Person_11,3368828816.0,Sagittarius,Blue,Reading
REC00012,19.1,66.4,61.1,4.45,E,996.5,1.66,9,1,2,Station_17,70.29,Person_12,3584688009.0,Libra,Pink,Photography
REC00013,21.5,70.7,58.5,1.18,SW,1026.5,0.28,7,1,5,Station_24,81.75,Person_13,3209147345.0,Taurus,Pink,Travel
REC00014,17.3,63.1,50.2,1.55,NW,1012.5,1.47,11,2,7,Station_8,,Person_14,3145826970.0,Virgo,Gray,Cooking
REC00015,16.8,62.3,57.0,1.3,NE,1020.5,1.25,4,1,11,Station_13,84.21,Person_15,3292282796.0,Scorpio,Orange,Cinema
REC00016,20.9,69.5,85.8,,SW,1007.9,0.18,16,3,6,Station_12,89.56,Person_16,3916443464.0,Libra,Pink,Photography
REC00017,22.8,73.0,61.8,3.48,SW,1008.4,0.92,7,2,3,Station_6,54.37,Person_17,3950250588.0,Virgo,White,Reading
REC00018,21.5,70.7,63.1,2.38,SE,1002.8,1.92,1,5,8,Station_1,69.88,Person_18,3287955064.0,Virgo,Gray,Music
REC00019,19.5,67.0,62.5,1.45,NW,1014.3,1.61,9,4,7,Station_9,95.51,Person_19,3923766137.0,Scorpio,Green,Music
REC00020,29.6,85.2,82.0,0.73,SE,1028.3,1.85,6,6,12,Station_14,,Person_20,3440511032.0,Aquarius,Purple,Gaming
REC00021,14.6,58.3,52.6,1.81,SW,1022.1,1.95,15,3,6,Station_3,63.35,Person_21,3739629241.0,Virgo,Gray,Photography
REC00022,,69.2,39.5,1.68,N,1019.4,2.27,14,3,8,Station_17,82.3,Person_22,3737393479.0,Cancer,Yellow,Gardening
REC00023,9.4,48.9,41.3,1.95,SE,1015.0,0.24,11,3,7,Station_7,54.16,Person_23,3865987843.0,Scorpio,Gray,Travel
REC00024,16.5,61.7,59.3,1.18,SW,1013.8,0.22,0,1,1,Station_20,79.84,Person_24,3642621657.0,Gemini,Purple,Photography
REC00025,20.8,69.5,,3.52,E,1013.1,0.02,22,4,4,Station_11,63.53,Person_25,3608183200.0,Aquarius,Pink,Reading
REC00026,26.3,79.3,51.6,4.86,SW,1005.4,1.0,4,5,6,Station_12,100.3,Person_26,3736387062.0,Virgo,White,Gardening
REC00027,23.6,74.6,59.3,5.83,SE,1000.6,1.22,12,4,8,Station_5,,Person_27,3073746626.0,Aries,Gray,Hiking
REC00028,30.2,86.4,57.5,1.82,NE,1029.6,0.39,20,0,8,Station_10,71.19,Person_28,3567401655.0,Gemini,Black,Hiking
REC00029,18.9,66.1,69.4,5.36,SE,1014.2,1.48,13,4,9,Station_19,63.56,Person_29,3699737245.0,Taurus,White,Cooking
REC00030,,59.9,74.8,0.87,N,1022.0,2.94,14,1,6,Station_19,103.31,Person_30,3571939798.0,Aries,Pink,Sports
REC00031,30.2,86.4,50.9,1.04,SE,1008.6,0.72,22,0,3,Station_1,90.6,Person_31,3948154263.0,Scorpio,Green,Hiking
REC00032,24.7,76.5,55.0,2.04,SE,1014.5,1.57,14,2,10,Station_21,58.93,Person_32,3466310560.0,Aquarius,Purple,Gaming
REC00033,22.2,71.9,,,SW,1015.2,0.51,10,2,9,Station_16,73.35,Person_33,3829705200.0,Aries,White,Music
REC00034,12.7,54.9,77.6,,NE,1003.6,0.78,16,1,5,Station_22,89.8,Person_34,3827506261.0,Capricorn,Orange,Travel
REC00035,15.2,59.3,,9.87,SE,994.5,5.25,10,2,2,Station_4,58.24,Person_35,3115122457.0,Scorpio,Gray,Cinema
REC00036,32.2,89.9,66.9,5.31,SW,1001.2,0.98,21,2,3,Station_12,60.32,Person_36,3917409719.0,Scorpio,Purple,Gardening
REC00037,26.2,79.1,70.9,4.8,S,1016.2,0.58,0,0,6,Station_24,,Person_37,3312114888.0,Cancer,Green,Music
REC00038,29.6,85.3,72.1,2.84,NE,1010.3,0.53,22,0,10,Station_17,82.61,Person_38,3085508931.0,Aquarius,Blue,Reading
REC00039,,71.5,78.1,3.73,NW,996.1,0.5,10,3,10,Station_11,85.97,Person_39,3853559346.0,Gemini,Yellow,Hiking
REC00040,25.9,78.7,42.1,2.69,E,1010.9,0.62,12,3,3,Station_17,72.65,Person_40,3400143566.0,Libra,Red,Cooking
REC00041,22.2,72.0,70.9,6.87,SE,1011.5,0.36,14,6,12,Station_24,59.49,Person_41,3420734042.0,Taurus,Purple,Hiking
REC00042,30.7,87.3,62.2,5.1,SW,1010.7,0.16,22,2,1,Station_2,94.61,Person_42,3652402693.0,Aries,Gray,Cinema
REC00043,30.7,87.2,69.3,2.51,NE,1018.4,0.68,13,1,1,Station_10,94.36,Person_43,3705193770.0,Taurus,Purple,Photography
REC00044,22.1,71.7,79.4,,NE,1012.7,1.45,16,3,4,Station_2,93.96,Person_44,3619777229.0,Capricorn,Green,Cooking
REC00045,29.7,85.4,40.7,2.45,SW,1026.9,0.49,21,3,6,Station_18,75.82,Person_45,3605283038.0,Aquarius,Red,Sports
REC00046,29.9,85.9,81.0,2.26,E,1018.8,3.82,13,0,3,Station_4,,Person_46,3646182842.0,Pisces,Blue,Hiking
REC00047,25.5,77.9,,4.14,W,1018.2,1.08,3,4,9,Station_17,58.81,Person_47,3170731566.0,Libra,Black,Gardening
REC00048,26.9,80.4,62.7,0.01,W,1020.5,0.38,7,5,7,Station_15,62.07,Person_48,3347656949.0,Leo,Purple,Hiking
REC00049,28.2,82.8,39.3,2.08,S,1001.3,0.36,11,1,8,Station_15,50.29,Person_49,3464789283.0,Pisces,Red,Cinema
REC00050,15.4,59.7,70.1,1.88,SW,1021.7,0.87,21,1,9,Station_17,97.98,Person_50,3354031197.0,Cancer,Purple,Travel
REC00051,20.9,69.6,68.8,1.89,SW,1016.3,0.18,12,6,6,Station_5,95.79,Person_51,3352110430.0,Capricorn,Red,Gardening
REC00052,20.7,69.3,51.7,3.34,SE,1013.5,0.5,6,6,2,Station_1,87.86,Person_52,3220541637.0,Pisces,Yellow,Cooking
REC00053,,65.3,38.3,0.25,SE,1011.1,0.03,22,0,10,Station_18,72.37,Person_53,3397991035.0,Virgo,Purple,Photography
REC00054,,74.7,59.5,0.19,SE,1014.3,3.77,8,1,11,Station_16,69.5,Person_54,3916788751.0,Gemini,Yellow,Cooking
REC00055,21.5,70.7,57.2,4.84,E,994.8,1.82,8,5,1,Station_12,53.63,Person_55,3439596204.0,Scorpio,Black,Cooking
REC00056,29.6,85.2,43.4,0.71,SE,1024.4,3.02,23,4,5,Station_12,59.43,Person_56,3286052872.0,Gemini,Orange,Hiking
REC00057,16.9,62.4,56.1,0.13,N,1010.2,0.04,6,0,5,Station_4,71.67,Person_57,3680892523.0,Libra,Orange,Cooking
REC00058,20.1,68.3,81.9,12.21,NE,1021.0,3.55,18,4,2,Station_18,116.16,Person_58,3572990755.0,Aries,Purple,Music
REC00059,15.4,59.7,37.8,3.05,W,1017.4,2.6,23,5,9,Station_14,63.6,Person_59,3335157092.0,Aries,Orange,Cooking
REC00060,31.0,87.8,49.2,,NE,1018.8,1.31,9,6,4,Station_11,88.44,Person_60,3191988921.0,Libra,Green,Reading
REC00061,19.4,67.0,87.5,0.11,S,1009.2,0.49,16,0,5,Station_22,104.59,Person_61,3583741889.0,Gemini,Red,Gaming
REC00062,,60.7,55.9,10.83,NW,1015.7,0.34,7,6,7,Station_15,59.45,Person_62,3520628845.0,Taurus,Red,Gaming
REC00063,23.9,75.1,51.8,4.66,SW,1006.3,0.55,1,6,8,Station_7,61.95,Person_63,3309983876.0,Virgo,Blue,Gaming
REC00064,,72.1,56.0,1.04,N,1000.6,1.71,15,0,7,Station_4,72.34,Person_64,3617795511.0,Cancer,Purple,Cooking
REC00065,,64.7,59.6,14.37,NW,1008.5,1.97,8,1,1,Station_7,38.71,Person_65,3420155270.0,Gemini,White,Music
REC00066,11.1,51.9,47.8,6.22,N,1020.6,1.47,16,2,3,Station_17,62.35,Person_66,3002722601.0,Scorpio,White,Photography
REC00067,27.5,81.5,,0.22,NW,1008.7,0.17,19,6,1,Station_18,55.83,Person_67,3373384024.0,Scorpio,Yellow,Music
REC00068,,53.1,62.8,6.44,N,1000.8,0.27,19,3,12,Station_15,,Person_68,3182684672.0,Virgo,Gray,Gaming
REC00069,12.8,55.0,74.8,0.94,NW,1004.5,1.33,6,1,11,Station_10,105.1,Person_69,3992293143.0,Libra,Green,Gaming
REC00070,26.9,80.5,54.6,11.9,SE,1027.9,0.23,19,3,5,Station_10,53.77,Person_70,3171954596.0,Taurus,White,Reading
REC00071,18.7,65.6,,2.52,NW,1006.1,0.13,5,1,3,Station_22,82.65,Person_71,3930106713.0,Aries,Black,Hiking
REC00072,26.3,79.3,93.5,1.3,W,1016.1,0.07,12,0,7,Station_2,88.0,Person_72,3306097460.0,Capricorn,Purple,Cooking
REC00073,38.2,100.7,,10.78,W,1001.6,2.41,16,3,12,Station_1,62.1,Person_73,3752139594.0,Scorpio,Green,Sports
REC00074,19.5,67.2,62.2,0.14,SE,1026.5,0.83,4,6,3,Station_11,57.23,Person_74,3850288368.0,Scorpio,Orange,Gaming
REC00075,29.5,85.1,57.0,1.1,SE,1025.9,0.36,4,5,11,Station_7,99.8,Person_75,3480358341.0,Aquarius,Yellow,Gardening
REC00076,26.4,79.5,43.6,2.55,W,1001.3,0.0,0,6,3,Station_14,93.26,Person_76,3381876907.0,Sagittarius,Blue,Gaming
REC00077,22.1,71.8,,0.01,N,1020.5,0.75,10,5,2,Station_9,,Person_77,3585947083.0,Gemini,Red,Hiking
REC00078,26.3,79.3,54.1,0.95,NW,1014.3,1.66,18,1,7,Station_6,107.4,Person_78,3864625604.0,Scorpio,Green,Photography
REC00079,36.7,98.0,,2.77,SW,1016.4,0.46,22,2,4,Station_10,116.3,Person_79,3918045664.0,Gemini,Purple,Gardening
REC00080,27.9,82.1,49.5,0.25,NE,1017.9,6.78,6,2,11,Station_20,72.32,Person_80,3346159009.0,Pisces,White,Travel
REC00081,25.0,76.9,74.4,,W,1008.9,0.46,21,3,6,Station_18,99.37,Person_81,3316225464.0,Scorpio,Blue,Reading
REC00082,28.1,82.6,49.5,,SW,1017.6,2.42,13,5,12,Station_18,67.48,Person_82,3606169097.0,Libra,Yellow,Cooking
REC00083,18.0,64.5,64.3,1.44,S,1019.2,0.0,21,5,5,Station_13,83.91,Person_83,3915114373.0,Sagittarius,Gray,Sports
REC00084,27.8,82.1,49.1,0.4,N,1017.7,1.1,23,3,11,Station_8,82.72,Person_84,3443902596.0,Taurus,Orange,Cinema
REC00085,28.4,83.1,63.6,3.57,W,1011.4,1.94,15,6,8,Station_8,37.17,Person_85,3398462560.0,Sagittarius,Green,Music
REC00086,28.1,82.6,73.4,5.21,S,1029.2,0.6,0,4,6,Station_5,133.44,Person_86,3745257563.0,Scorpio,Purple,Travel
REC00087,32.3,90.2,57.1,2.15,NW,1025.1,0.0,9,0,10,Station_1,64.27,Person_87,3191119209.0,Aquarius,Red,Gardening
REC00088,3.1,37.7,50.1,0.22,NW,1009.6,0.79,15,0,3,Station_16,92.76,Person_88,3689650472.0,Aquarius,White,Hiking
REC00089,41.0,105.9,68.1,,NW,1004.3,0.71,7,5,2,Station_16,79.48,Person_89,3539223628.0,Virgo,Red,Gaming
REC00090,,82.6,,7.21,NW,1009.8,0.35,22,6,5,Station_17,88.75,Person_90,3778044185.0,Leo,Purple,Photography
REC00091,18.6,65.5,63.5,2.6,SW,1032.4,1.99,9,4,4,Station_19,74.52,Person_91,3283578004.0,Libra,Orange,Gaming
REC00092,,72.9,99.2,4.31,S,994.9,0.65,5,2,12,Station_15,142.18,Person_92,3353036041.0,Leo,Gray,Gaming
REC00093,,91.4,64.1,3.14,S,1001.1,1.62,8,6,4,Station_9,,Person_93,3823191141.0,Aries,Gray,Music
REC00094,18.9,66.0,67.7,4.84,NE,1014.2,0.15,9,0,6,Station_20,56.69,Person_94,3805478261.0,Virgo,Gray,Sports
REC00095,25.6,78.1,64.9,1.28,NE,1011.6,0.27,15,3,3,Station_12,,Person_95,3892164792.0,Libra,White,Travel
REC00096,,75.7,,0.04,NE,1032.9,0.24,14,5,11,Station_19,71.72,Person_96,3331806810.0,Aries,Blue,Hiking
REC00097,16.9,62.4,79.2,1.66,NE,1014.0,1.34,4,0,6,Station_15,,Person_97,3909259118.0,Scorpio,Black,Sports
REC00098,23.4,74.1,58.5,5.62,S,1016.9,0.48,16,6,10,Station_13,78.41,Person_98,3749778771.0,Aries,Orange,Sports
REC00099,24.0,75.2,53.8,4.37,W,1023.0,0.24,11,2,5,Station_23,49.79,Person_99,3732795192.0,Pisces,White,Music
REC00100,26.9,80.4,45.9,3.88,SE,1013.0,2.37,6,2,11,Station_7,80.51,Person_100,3309853883.0,Leo,Black,Photography
REC00101,24.7,76.4,77.2,80.0,S,1009.1,1.27,7,0,11,Station_17,,Person_101,3447797298.0,Sagittarius,Blue,Music
REC00102,26.1,79.0,93.9,,NE,1012.0,1.57,19,4,7,Station_21,98.45,Person_102,3374804479.0,Libra,Pink,Gaming
REC00103,29.4,85.0,34.5,4.75,SW,1004.6,0.55,22,0,5,Station_7,55.81,Person_103,3117477322.0,Sagittarius,Orange,Gardening
REC00104,21.1,70.0,43.7,2.31,E,1009.7,0.17,13,6,9,Station_20,80.97,Person_104,3144426794.0,Aquarius,Gray,Cooking
REC00105,14.0,57.2,76.1,0.93,E,1022.1,0.23,12,1,11,Station_12,,Person_105,3689546893.0,Libra,Black,Gardening
REC00106,19.0,66.1,69.1,0.83,NW,1019.3,0.96,0,0,8,Station_8,70.36,Person_106,3143101644.0,Virgo,Red,Cinema
REC00107,18.7,65.6,61.8,11.01,NE,1017.8,0.1,12,2,2,Station_21,58.03,Person_107,3905582429.0,Gemini,Purple,Cinema
REC00108,17.8,64.0,63.1,1.36,E,1003.0,0.22,23,1,12,Station_13,84.1,Person_108,3681588294.0,Leo,Blue,Music
REC00109,27.7,81.9,39.6,1.41,NE,1024.4,2.35,20,0,10,Station_12,63.02,Person_109,3140687696.0,Aquarius,Blue,Hiking
REC00110,22.1,71.7,68.5,8.37,W,1020.1,0.57,17,2,11,Station_24,84.03,Person_110,3318008339.0,Virgo,Black,Photography
REC00111,26.0,78.9,61.4,5.09,NW,1010.9,0.94,3,5,5,Station_8,,Person_111,3000206324.0,Pisces,Black,Hiking
REC00112,24.9,76.8,58.7,4.64,N,1021.2,0.21,0,1,12,Station_6,44.91,Person_112,3602312806.0,Libra,Red,Gardening
REC00113,23.2,73.7,74.0,3.45,NW,1016.8,1.62,3,6,1,Station_5,73.56,Person_113,3191204766.0,Scorpio,Green,Sports
REC00114,23.8,74.9,62.3,1.85,W,1014.0,0.19,12,0,6,Station_22,91.51,Person_114,3078163314.0,Taurus,White,Reading
REC00115,15.4,59.7,28.0,4.37,N,1015.4,0.58,3,6,4,Station_2,23.56,Person_115,3787991329.0,Pisces,Black,Cinema
REC00116,17.4,63.3,66.5,0.04,SE,1028.4,0.04,18,3,3,Station_2,85.36,Person_116,3087368366.0,Capricorn,Black,Photography
REC00117,18.4,65.1,17.5,0.41,S,1016.9,0.02,1,6,10,Station_15,87.83,Person_117,3648973774.0,Gemini,Yellow,Gaming
REC00118,30.7,87.2,73.2,0.8,E,1023.5,1.82,23,4,8,Station_5,107.31,Person_118,3740641842.0,Taurus,Yellow,Sports
REC00119,23.4,74.2,,3.74,SE,1021.1,0.4,11,2,12,Station_20,84.11,Person_119,3824651350.0,Leo,White,Sports
REC00120,30.2,86.4,,5.26,NE,1010.0,0.06,5,2,2,Station_20,100.32,Person_120,3655448237.0,Sagittarius,Orange,Sports
REC00121,19.8,67.6,78.2,,E,1019.8,0.47,0,3,9,Station_7,93.7,Person_121,3526335590.0,Sagittarius,Blue,Photography
REC00122,,80.3,37.8,1.21,SW,1016.8,1.14,17,0,2,Station_12,68.03,Person_122,3143152622.0,Capricorn,Black,Cooking
REC00123,,46.3,90.1,3.71,SW,1011.2,0.27,17,1,7,Station_1,76.4,Person_123,3233767395.0,Gemini,Purple,Sports
REC00124,,73.0,42.5,4.81,E,1005.3,0.88,9,6,8,Station_19,46.96,Person_124,3616039243.0,Leo,Yellow,Hiking
REC00125,26.3,79.3,79.8,1.9,N,1008.9,2.37,21,0,4,Station_19,93.49,Person_125,3635434344.0,Taurus,Blue,Gaming
REC00126,25.7,78.3,63.6,0.02,S,1009.1,1.16,14,5,12,Station_17,88.3,Person_126,3597159937.0,Sagittarius,White,Travel
REC00127,14.1,57.5,74.0,4.32,SE,1007.9,2.15,19,0,4,Station_24,106.34,Person_127,3922780264.0,Leo,White,Photography
REC00128,9.0,48.2,46.0,,S,1015.7,1.6,6,0,2,Station_13,74.54,Person_128,3396704746.0,Aries,Green,Photography
REC00129,25.9,78.7,48.9,1.68,W,1013.8,0.45,2,3,9,Station_15,25.09,Person_129,3293636824.0,Cancer,Purple,Gardening
REC00130,17.3,63.1,50.9,8.27,SW,1008.0,0.76,14,4,1,Station_15,62.09,Person_130,3139044023.0,Aquarius,Pink,Gaming
REC00131,14.0,57.3,100.0,4.74,NW,1020.6,0.46,12,5,3,Station_20,110.67,Person_131,3044528370.0,Scorpio,Black,Sports
REC00132,22.7,72.9,60.5,,E,1016.6,0.08,2,2,9,Station_22,118.28,Person_132,3581251745.0,Aries,Gray,Cinema
REC00133,27.3,81.1,82.4,1.08,N,1012.6,0.05,21,3,2,Station_9,72.35,Person_133,3603070768.0,Sagittarius,Black,Cinema
REC00134,23.4,74.1,46.5,2.69,N,1014.6,0.33,19,3,2,Station_19,63.02,Person_134,3362883644.0,Virgo,Green,Reading
REC00135,28.4,83.2,53.6,5.51,SE,1012.3,0.69,8,5,11,Station_17,87.77,Person_135,3944359211.0,Aquarius,Blue,Gaming
REC00136,29.9,85.9,42.7,0.58,NW,1016.9,0.12,0,0,5,Station_21,88.76,Person_136,3849926728.0,Pisces,Purple,Photography
REC00137,17.0,62.6,,4.14,W,1037.7,1.19,12,5,5,Station_16,82.87,Person_137,3898353037.0,Virgo,Purple,Photography
REC00138,24.2,75.6,31.4,,NE,1002.2,0.52,20,4,12,Station_21,57.41,Person_138,3280707899.0,Virgo,Red,Cooking
REC00139,24.9,76.8,51.2,6.23,E,1011.8,0.2,16,3,2,Station_8,,Person_139,3086930648.0,Scorpio,Red,Reading
REC00140,30.2,86.3,54.9,0.8,SW,1010.8,3.87,17,5,8,Station_2,93.61,Person_140,3427480746.0,Aquarius,Blue,Hiking
REC00141,31.9,89.5,56.8,2.67,N,1014.2,3.37,21,2,4,Station_8,74.1,Person_141,3732649966.0,Virgo,Purple,Gaming
REC00142,18.5,65.4,,3.55,NW,1004.3,1.1,15,0,7,Station_13,58.31,Person_142,3648230822.0,Aquarius,Yellow,Cinema
REC00143,,96.8,99.7,,SE,1010.6,3.86,20,2,5,Station_12,105.34,Person_143,3222215835.0,Libra,Black,Reading
REC00144,18.5,65.3,60.3,1.3,NW,1024.6,1.87,18,5,9,Station_12,76.01,Person_144,3856638838.0,Aquarius,Black,Cinema
REC00145,22.2,72.0,57.0,8.15,E,1015.6,1.53,20,3,11,Station_4,78.15,Person_145,3248295698.0,Scorpio,Purple,Sports
REC00146,29.9,85.8,,4.6,W,1018.6,1.12,21,6,9,Station_7,73.17,Person_146,3977335825.0,Sagittarius,Green,Music
REC00147,26.6,79.8,73.8,9.11,W,1028.0,0.09,13,5,8,Station_4,,Person_147,3564859548.0,Libra,Black,Hiking
REC00148,22.5,72.5,85.8,0.73,NE,1008.0,0.17,8,5,6,Station_16,124.82,Person_148,3185301597.0,Scorpio,Green,Photography
REC00149,25.2,77.3,20.7,4.33,SW,1010.7,0.62,14,2,7,Station_5,17.49,Person_149,3149494547.0,Libra,Black,Gaming
REC00150,20.1,68.2,36.8,1.59,E,1015.9,0.3,2,1,12,Station_9,46.68,Person_150,3927013519.0,Libra,White,Reading
REC00151,9.7,49.4,,5.9,E,1006.7,3.43,20,3,7,Station_22,89.49,Person_151,3563459228.0,Libra,Black,Reading
REC00152,18.7,65.7,42.4,5.42,S,1024.3,0.35,5,5,12,Station_2,96.82,Person_152,3358504097.0,Aquarius,White,Cinema
REC00153,,97.7,37.9,0.87,N,1011.4,0.64,12,4,10,Station_14,57.04,Person_153,3105005188.0,Cancer,Red,Hiking
REC00154,18.7,65.6,,11.93,N,1016.0,0.89,22,6,10,Station_5,67.31,Person_154,3194245915.0,Aries,Yellow,Sports
REC00155,34.0,93.1,40.5,14.16,W,1003.1,0.08,2,0,11,Station_23,63.82,Person_155,3736450910.0,Scorpio,Purple,Hiking
REC00156,,87.6,78.5,,E,1006.6,1.18,20,6,1,Station_18,,Person_156,3107107573.0,Scorpio,Purple,Travel
REC00157,16.3,61.4,41.3,0.34,NW,1014.2,0.39,13,2,12,Station_10,66.08,Person_157,3688843780.0,Sagittarius,White,Music
REC00158,21.5,70.7,60.5,10.28,SW,1014.6,0.71,13,6,9,Station_4,77.57,Person_158,3846883542.0,Taurus,Pink,Hiking
REC00159,21.6,70.8,69.6,0.21,W,1011.6,1.53,12,3,3,Station_7,89.5,Person_159,3319332857.0,Scorpio,Pink,Photography
REC00160,,75.7,63.8,1.26,NW,1021.8,0.14,17,0,2,Station_2,83.43,Person_160,3494384308.0,Leo,White,Travel
REC00161,21.7,71.1,49.8,7.61,E,1006.3,0.03,5,0,9,Station_7,52.6,Person_161,3525558235.0,Capricorn,Green,Reading
REC00162,25.7,78.2,70.6,1.4,S,997.0,2.82,4,6,8,Station_4,115.12,Person_162,3772664722.0,Sagittarius,Pink,Photography
REC00163,4.6,40.3,36.5,1.41,W,1011.5,0.2,19,2,3,Station_22,101.87,Person_163,3534867802.0,Scorpio,White,Cooking
REC00164,,54.5,68.1,4.93,S,997.4,0.28,9,4,3,Station_12,34.15,Person_164,3038302565.0,Sagittarius,Black,Music
REC00165,18.4,65.2,56.2,,NE,1023.8,0.09,19,3,1,Station_5,82.66,Person_165,3003782341.0,Capricorn,Yellow,Photography
REC00166,16.2,61.2,56.3,,NW,1010.7,2.21,21,6,4,Station_12,70.21,Person_166,3513704384.0,Cancer,Blue,Travel
REC00167,25.7,78.3,80.8,4.11,NW,1016.9,0.55,13,2,11,Station_11,92.68,Person_167,3459845734.0,Libra,Gray,Cinema
REC00168,38.7,101.6,86.3,,SE,1015.3,0.61,14,0,6,Station_11,800.0,Person_168,3858670552.0,Libra,Green,Hiking
REC00169,19.6,67.4,55.7,3.74,E,996.2,1.19,6,2,10,Station_9,43.82,Person_169,3994362803.0,Virgo,Yellow,Cooking
REC00170,,70.2,58.3,3.14,NW,1009.5,2.73,2,6,7,Station_20,77.3,Person_170,3896657247.0,Sagittarius,Purple,Cinema
REC00171,18.9,66.0,75.8,1.0,SW,1005.4,0.38,0,0,8,Station_12,110.62,Person_171,3354564674.0,Leo,Pink,Gardening
REC00172,16.8,62.2,70.5,,NW,1012.6,0.51,9,3,11,Station_2,112.45,Person_172,3003591336.0,Aquarius,Black,Music
REC00173,18.1,64.7,37.6,0.59,SW,1014.7,1.91,3,2,4,Station_6,54.74,Person_173,3408934004.0,Aries,Purple,Photography
REC00174,14.8,58.6,62.4,3.08,NW,1023.8,0.98,12,5,10,Station_3,66.44,Person_174,3345909325.0,Aquarius,Pink,Reading
REC00175,25.6,78.1,42.7,1.32,N,1005.6,1.37,16,3,6,Station_1,78.59,Person_175,3014406516.0,Taurus,White,Cooking
REC00176,20.8,69.5,76.5,0.56,SW,1030.0,0.65,14,4,8,Station_15,,Person_176,3967030639.0,Cancer,Black,Photography
REC00177,23.2,73.7,54.5,0.36,NW,1009.8,0.09,16,2,11,Station_8,61.22,Person_177,3964923341.0,Gemini,Green,Gaming
REC00178,11.8,53.3,34.2,0.76,NW,1019.7,1.14,18,3,3,Station_16,70.08,Person_178,3259633512.0,Sagittarius,Gray,Gardening
REC00179,,64.2,74.3,3.63,S,1011.9,0.02,7,5,8,Station_2,96.3,Person_179,3949128770.0,Sagittarius,Green,Hiking
REC00180,20.8,69.4,65.1,2.12,SW,1016.8,0.44,11,2,2,Station_22,94.04,Person_180,3595914505.0,Libra,Purple,Music
REC00181,22.9,73.2,,1.53,NW,1000.7,0.08,7,5,11,Station_13,83.55,Person_181,3031468750.0,Scorpio,Green,Reading
REC00182,19.2,66.6,56.2,3.03,S,1003.1,1.37,13,2,10,Station_24,62.21,Person_182,3706868056.0,Aquarius,Yellow,Hiking
REC00183,27.2,81.0,84.2,13.45,W,1009.5,1.4,14,6,7,Station_7,,Person_183,3470922160.0,Capricorn,Red,Music
REC00184,23.0,73.3,75.2,4.68,N,1012.5,0.29,12,6,5,Station_22,71.85,Person_184,3964455352.0,Sagittarius,Green,Hiking
REC00185,26.9,80.5,,7.94,W,1010.8,1.17,16,6,12,Station_20,,Person_185,3965019575.0,Leo,White,Reading
REC00186,30.2,86.3,58.9,4.45,E,997.0,0.32,2,1,4,Station_11,,Person_186,3387679643.0,Pisces,White,Gardening
REC00187,31.8,89.2,,9.15,NE,1016.0,1.92,19,2,10,Station_22,72.78,Person_187,3128434253.0,Pisces,Orange,Hiking
REC00188,11.3,52.4,36.4,1.31,NE,1010.9,0.73,0,1,2,Station_8,59.55,Person_188,3223203574.0,Pisces,Green,Hiking
REC00189,25.3,77.5,54.8,1.13,SW,1020.3,0.37,5,0,11,Station_15,80.15,Person_189,3171157146.0,Virgo,Gray,Cinema
REC00190,,58.0,44.6,4.55,SE,1026.7,0.02,15,4,7,Station_23,49.88,Person_190,3213149224.0,Virgo,Black,Gaming
REC00191,21.2,70.1,72.9,5.33,NE,994.5,1.75,13,0,6,Station_7,78.27,Person_191,3823855527.0,Virgo,Pink,Reading
REC00192,12.7,54.8,52.0,,NE,1009.0,0.62,8,0,5,Station_14,44.38,Person_192,3518977314.0,Aquarius,Yellow,Cooking
REC00193,17.1,62.7,63.7,,SE,1019.0,0.77,3,1,10,Station_22,93.11,Person_193,3661028078.0,Gemini,Blue,Cooking
REC00194,17.4,63.2,68.6,4.61,SW,1020.4,1.08,16,5,7,Station_8,77.85,Person_194,3013929686.0,Virgo,Green,Gaming
REC00195,30.8,87.5,69.7,3.67,S,1013.4,2.26,21,6,1,Station_8,83.98,Person_195,3888720537.0,Libra,Yellow,Cooking
REC00196,21.8,71.2,54.2,0.79,W,1005.9,0.65,2,2,9,Station_13,79.73,Person_196,3935588740.0,Leo,Gray,Cinema
REC00197,14.8,58.7,59.6,9.95,SE,1016.7,1.87,21,3,12,Station_7,48.54,Person_197,3719203099.0,Scorpio,Purple,Sports
REC00198,,75.4,,,N,1002.5,0.22,5,3,11,Station_17,55.58,Person_198,3871732895.0,Aries,Green,Sports
REC00199,20.7,69.3,79.8,0.79,SE,1015.8,0.95,3,2,2,Station_14,86.28,Person_199,3844365363.0,Sagittarius,White,Cinema
REC00200,24.4,75.9,70.6,1.52,N,1013.8,0.55,19,2,4,Station_3,95.65,Person_200,3473960710.0,Taurus,Red,Photography
REC00201,19.3,66.8,64.5,,W,1018.5,2.98,23,1,1,Station_3,,Person_201,3236775557.0,Leo,White,Hiking
REC00202,33.3,91.9,72.2,5.09,W,1009.0,0.47,14,2,11,Station_21,81.96,Person_202,3006635409.0,Pisces,Yellow,Cooking
REC00203,13.3,56.0,54.2,1.79,E,1021.7,1.0,6,5,12,Station_21,63.03,Person_203,3459437836.0,Aries,White,Music
REC00204,22.1,71.8,68.1,5.49,E,1022.1,3.88,3,4,12,Station_19,-20.0,Person_204,3994823062.0,Leo,Yellow,Cooking
REC00205,21.5,70.8,79.9,2.42,NE,1023.0,0.86,1,2,11,Station_8,102.84,Person_205,3025549427.0,Aries,Green,Gaming
REC00206,24.0,75.2,,0.2,SE,1003.6,0.32,10,2,10,Station_1,71.53,Person_206,3778314527.0,Sagittarius,Pink,Cinema
REC00207,,72.2,37.1,7.49,NW,1015.7,0.1,12,1,5,Station_16,36.81,Person_207,3974127936.0,Pisces,Pink,Reading
REC00208,32.1,89.7,55.6,0.86,E,1014.5,3.5,12,0,9,Station_16,59.48,Person_208,3987363807.0,Gemini,Purple,Music
REC00209,23.1,73.6,77.7,9.36,N,1005.4,0.49,22,3,8,Station_4,82.9,Person_209,3996220464.0,Capricorn,Red,Cooking
REC00210,23.8,74.9,96.0,3.21,SW,1010.3,2.23,6,6,10,Station_5,85.21,Person_210,3134518843.0,Taurus,Purple,Hiking
REC00211,24.7,76.5,60.7,3.21,NW,1000.9,0.18,3,2,4,Station_20,,Person_211,3042264914.0,Virgo,Black,Cooking
REC00212,14.3,57.7,74.8,2.16,SE,999.8,1.71,5,2,12,Station_6,66.43,Person_212,3142240724.0,Cancer,Green,Gaming
REC00213,23.7,74.6,53.9,,N,1020.8,0.09,19,4,2,Station_17,82.7,Person_213,3292998132.0,Libra,Blue,Photography
REC00214,29.8,85.7,70.4,0.17,N,1019.4,2.57,10,1,4,Station_24,97.03,Person_214,3126857532.0,Taurus,Gray,Cooking
REC00215,34.3,93.8,52.3,0.08,E,1018.1,0.58,0,5,9,Station_10,79.68,Person_215,3106474344.0,Leo,Red,Cinema
REC00216,27.0,80.6,43.6,3.81,NW,1018.1,0.09,22,1,3,Station_21,92.76,Person_216,3087679117.0,Pisces,White,Gaming
REC00217,41.5,106.8,67.8,1.67,NE,1018.7,0.67,18,1,4,Station_13,73.07,Person_217,3553006146.0,Libra,Purple,Gaming
REC00218,,75.0,40.0,3.68,SE,1016.2,1.23,8,3,1,Station_14,83.36,Person_218,3711640906.0,Virgo,Pink,Photography
REC00219,18.5,65.3,70.6,,S,1012.0,0.06,16,4,5,Station_16,68.9,Person_219,3227847509.0,Virgo,White,Reading
REC00220,,73.9,52.7,4.34,SE,1008.0,0.23,22,0,8,Station_19,73.6,Person_220,3498349599.0,Virgo,White,Reading
REC00221,26.9,80.4,64.5,0.12,S,996.4,0.86,11,6,7,Station_2,89.71,Person_221,3248796857.0,Aries,Pink,Travel
REC00222,32.3,90.2,62.8,1.47,E,1000.9,0.29,11,0,8,Station_6,,Person_222,3477744926.0,Cancer,White,Travel
REC00223,25.6,78.1,26.0,0.53,W,1009.3,0.83,3,1,3,Station_1,52.89,Person_223,3203112544.0,Libra,Purple,Cooking
REC00224,37.0,98.5,47.0,0.65,W,1007.9,0.41,15,1,11,Station_1,32.36,Person_224,3407832633.0,Capricorn,Orange,Gaming
REC00225,21.5,70.7,71.0,0.5,NW,1014.7,0.06,7,6,12,Station_18,55.12,Person_225,3686545739.0,Aries,Red,Photography
REC00226,27.9,82.3,13.8,,W,1036.4,0.85,13,1,11,Station_14,34.13,Person_226,3379847970.0,Sagittarius,Red,Music
REC00227,,66.2,40.0,4.0,SW,1007.0,0.26,15,4,8,Station_9,,Person_227,3843717094.0,Scorpio,Red,Reading
REC00228,21.5,70.7,44.2,4.54,E,1019.2,0.37,19,5,6,Station_5,72.53,Person_228,3277232573.0,Gemini,Black,Travel
REC00229,28.9,84.1,58.9,2.95,SE,1011.4,2.56,5,6,5,Station_5,82.97,Person_229,3449925644.0,Scorpio,Green,Hiking
REC00230,25.7,78.3,81.9,,NE,1017.2,4.66,22,5,2,Station_6,89.46,Person_230,3806083900.0,Scorpio,Blue,Gardening
REC00231,12.3,54.1,48.2,1.0,N,1013.5,0.54,4,4,6,Station_23,,Person_231,3664608242.0,Cancer,Purple,Travel
REC00232,18.1,64.6,64.4,2.04,E,1026.9,0.08,12,4,8,Station_10,93.12,Person_232,3935390363.0,Aquarius,Purple,Gardening
REC00233,35.3,95.5,57.9,,SE,1012.6,0.92,20,6,1,Station_12,92.02,Person_233,3216320016.0,Aquarius,Orange,Travel
REC00234,,74.6,79.2,1.64,N,1004.5,0.79,22,3,9,Station_21,97.61,Person_234,3455857125.0,Virgo,Blue,Photography
REC00235,19.6,67.3,66.8,0.94,NE,1006.0,0.11,14,6,2,Station_19,75.54,Person_235,3660813889.0,Sagittarius,Pink,Cinema
REC00236,33.6,92.5,81.4,,S,994.0,0.79,0,0,2,Station_14,81.94,Person_236,3794313761.0,Leo,Red,Cooking
REC00237,7.8,46.1,48.9,1.29,SE,1012.6,0.09,8,2,12,Station_7,72.49,Person_237,3357469451.0,Leo,Red,Sports
REC00238,19.5,67.0,64.7,2.34,W,1011.4,0.89,10,6,11,Station_22,69.87,Person_238,3790203739.0,Aquarius,Red,Music
REC00239,,93.5,58.7,1.38,SE,1008.9,0.09,2,4,7,Station_9,115.57,Person_239,3347893770.0,Aries,Purple,Gardening
REC00240,33.1,91.6,65.7,1.41,NW,1020.8,0.59,17,2,11,Station_18,,Person_240,3614888295.0,Virgo,Purple,Photography
REC00241,38.4,101.1,79.1,5.35,SW,1016.8,0.68,14,1,3,Station_15,89.29,Person_241,3630332423.0,Gemini,Gray,Cinema
REC00242,19.1,66.4,47.6,3.36,SW,1006.8,0.63,2,4,2,Station_19,81.01,Person_242,3178977531.0,Gemini,Orange,Gardening
REC00243,,70.9,54.0,2.44,S,1008.1,2.05,17,3,5,Station_1,77.13,Person_243,3670370488.0,Aquarius,Pink,Cinema
REC00244,15.4,59.6,65.9,1.22,SW,1014.8,0.05,2,6,12,Station_13,85.93,Person_244,3420173003.0,Sagittarius,Pink,Gaming
REC00245,14.5,58.1,49.1,0.49,E,1019.4,0.6,22,4,6,Station_10,81.77,Person_245,3402193422.0,Scorpio,Blue,Reading
REC00246,28.5,83.3,67.1,1.1,SW,1001.8,0.4,6,4,12,Station_16,91.63,Person_246,3451162571.0,Aries,Yellow,Hiking
REC00247,27.8,82.1,59.2,0.91,SE,1019.8,1.0,20,6,5,Station_18,61.77,Person_247,3268410334.0,Taurus,Gray,Photography
REC00248,22.8,73.1,80.9,10.86,W,1006.4,1.94,1,1,6,Station_19,114.13,Person_248,3426404134.0,Pisces,Red,Cooking
REC00249,18.2,64.7,75.0,2.41,E,1019.9,0.16,22,1,7,Station_8,111.15,Person_249,3429888385.0,Pisces,Red,Reading
REC00250,39.3,102.7,,2.84,NE,1015.4,0.26,10,3,8,Station_7,87.94,Person_250,3925134218.0,Sagittarius,Black,Travel
REC00251,20.1,68.2,49.7,6.43,SE,1001.9,0.73,13,3,8,Station_22,62.82,Person_251,3710528915.0,Capricorn,Yellow,Gaming
REC00252,17.0,62.7,53.1,5.24,NW,1009.5,0.02,9,0,8,Station_19,41.21,Person_252,3589009986.0,Cancer,Red,Music
REC00253,21.1,70.1,53.8,0.8,W,1016.3,1.65,3,3,5,Station_15,86.61,Person_253,3936952104.0,Cancer,Black,Gaming
REC00254,27.8,82.1,63.6,1.33,NE,1003.6,1.18,2,3,9,Station_6,96.92,Person_254,3283831132.0,Sagittarius,Yellow,Cinema
REC00255,27.5,81.5,67.6,,E,1003.3,1.28,8,1,6,Station_1,83.26,Person_255,3497046044.0,Libra,Purple,Cinema
REC00256,15.8,60.4,92.7,1.63,S,1010.0,0.05,14,5,1,Station_9,102.77,Person_256,3712086666.0,Pisces,White,Photography
REC00257,18.5,65.3,78.2,0.01,N,1014.4,1.72,7,2,4,Station_17,90.83,Person_257,3490063413.0,Sagittarius,Blue,Gaming
REC00258,22.3,72.2,64.0,,NW,1026.4,0.89,12,2,7,Station_23,63.41,Person_258,3938582133.0,Leo,Black,Gardening
REC00259,33.7,92.6,87.2,0.22,W,1020.0,0.18,6,3,11,Station_19,126.15,Person_259,3352670271.0,Aries,Orange,Music
REC00260,7.0,44.6,59.8,2.99,NE,1011.9,0.14,18,2,6,Station_13,63.87,Person_260,3248901129.0,Gemini,Blue,Cinema
REC00261,29.9,85.8,44.5,0.67,N,1017.2,0.59,1,6,3,Station_16,74.41,Person_261,3701938027.0,Virgo,Purple,Gaming
REC00262,33.8,92.8,69.9,1.34,SW,1025.8,0.51,14,3,5,Station_11,80.66,Person_262,3313943897.0,Taurus,Black,Cinema
REC00263,14.1,57.5,,0.13,SE,1014.7,1.21,1,4,2,Station_21,101.66,Person_263,3789981108.0,Sagittarius,Gray,Photography
REC00264,30.0,86.0,67.3,0.85,S,999.1,1.66,21,5,7,Station_2,73.06,Person_264,3755273613.0,Scorpio,White,Cinema
REC00265,26.1,79.0,40.2,0.36,N,1021.5,2.08,14,2,11,Station_23,47.88,Person_265,3057020994.0,Capricorn,Purple,Cooking
REC00266,26.5,79.8,36.5,1.64,SW,1026.5,0.49,6,4,7,Station_19,56.39,Person_266,3217498450.0,Taurus,Yellow,Cooking
REC00267,15.3,59.5,76.3,0.19,SE,1017.2,0.1,14,5,6,Station_10,91.59,Person_267,3282449371.0,Virgo,Pink,Reading
REC00268,23.3,74.0,58.3,2.62,S,1020.6,0.06,15,2,11,Station_19,71.07,Person_268,3356560586.0,Taurus,Orange,Travel
REC00269,28.7,83.7,36.5,3.75,S,1011.7,0.83,12,2,9,Station_22,49.34,Person_269,3152027439.0,Libra,Purple,Gardening
REC00270,20.7,69.2,67.1,8.56,NW,1015.6,0.98,21,1,1,Station_2,94.44,Person_270,3731923642.0,Scorpio,Purple,Music
REC00271,25.3,77.6,57.3,1.5,NW,1008.4,0.34,21,3,4,Station_6,63.06,Person_271,3334721270.0,Virgo,Gray,Travel
REC00272,9.3,48.7,71.4,2.64,NW,1013.0,1.4,1,4,11,Station_2,69.21,Person_272,3350173397.0,Virgo,White,Reading
REC00273,14.0,57.2,76.6,2.07,NW,1002.7,1.12,7,2,5,Station_14,86.95,Person_273,3293577616.0,Cancer,White,Music
REC00274,29.3,84.7,81.1,0.07,NW,1024.9,1.35,21,0,12,Station_2,109.42,Person_274,3231284623.0,Capricorn,Yellow,Cinema
REC00275,25.7,78.2,,0.45,NE,991.9,0.8,7,5,3,Station_6,46.05,Person_275,3552368627.0,Gemini,Pink,Cooking
REC00276,9.2,48.5,41.6,10.03,W,1016.4,2.93,5,1,11,Station_11,40.29,Person_276,3134198520.0,Taurus,Red,Music
REC00277,28.0,82.4,,1.62,SE,1009.3,2.15,6,5,10,Station_7,87.13,Person_277,3679986981.0,Pisces,Green,Travel
REC00278,24.4,76.0,59.4,1.32,S,1006.8,0.0,6,0,6,Station_12,74.79,Person_278,3514037581.0,Sagittarius,Gray,Travel
REC00279,19.6,67.3,14.2,3.68,SE,1012.9,0.04,4,3,10,Station_4,53.28,Person_279,3673596075.0,Aries,Black,Cinema
REC00280,,85.4,63.4,1.86,NW,1005.9,1.1,9,4,10,Station_4,87.02,Person_280,3102686653.0,Gemini,Red,Cooking
REC00281,35.1,95.1,38.4,0.98,SW,996.8,1.46,23,3,3,Station_23,64.74,Person_281,3649066760.0,Scorpio,Green,Gaming
REC00282,24.7,76.4,50.3,6.65,N,1013.8,0.09,19,1,11,Station_12,61.94,Person_282,3314904724.0,Aquarius,Yellow,Sports
REC00283,17.3,63.2,51.6,0.92,S,1016.8,0.54,15,5,8,Station_22,59.24,Person_283,3239478207.0,Scorpio,Orange,Cinema
REC00284,,46.3,66.1,4.93,NW,1012.7,1.77,5,3,2,Station_24,62.33,Person_284,3507766194.0,Virgo,Yellow,Cinema
REC00285,34.2,93.6,,3.28,NW,1022.2,0.69,20,5,11,Station_17,107.15,Person_285,3150133565.0,Taurus,White,Reading
REC00286,21.3,70.3,,0.04,S,1003.0,1.5,3,5,5,Station_19,105.69,Person_286,3350671626.0,Gemini,Blue,Cinema
REC00287,,70.8,58.7,0.87,SW,1004.1,0.21,11,3,9,Station_6,78.87,Person_287,3989741414.0,Capricorn,Black,Sports
REC00288,24.9,76.8,63.8,,N,1015.9,0.65,4,0,3,Station_13,63.43,Person_288,3326623108.0,Capricorn,Yellow,Sports
REC00289,21.8,71.2,58.6,2.08,NW,1009.3,0.7,16,2,10,Station_10,35.66,Person_289,3561659955.0,Aries,Orange,Cooking
REC00290,19.9,67.9,58.1,4.64,SE,1021.3,1.01,10,0,7,Station_17,63.83,Person_290,3353127779.0,Leo,Black,Reading
REC00291,29.4,84.9,52.5,7.52,SE,1018.9,1.08,16,0,4,Station_23,69.5,Person_291,3911364142.0,Cancer,Gray,Cinema
REC00292,20.4,68.6,47.4,1.85,NW,1003.5,1.13,7,1,5,Station_12,,Person_292,3673601116.0,Aquarius,Green,Gardening
REC00293,40.0,104.0,52.8,,W,1014.7,0.13,15,6,6,Station_22,52.72,Person_293,3546260019.0,Aquarius,Orange,Travel
REC00294,23.9,75.0,47.7,18.86,W,1019.8,0.95,12,4,12,Station_4,32.03,Person_294,3579348029.0,Libra,Green,Cooking
REC00295,23.4,74.1,,0.68,NW,1002.2,1.34,19,2,6,Station_23,96.66,Person_295,3224730160.0,Aries,Pink,Gardening
REC00296,17.7,63.9,38.6,1.17,S,1022.3,1.07,11,4,5,Station_9,48.49,Person_296,3087774224.0,Aquarius,Yellow,Gaming
REC00297,22.8,73.0,52.7,0.37,S,1012.2,0.87,23,6,6,Station_2,,Person_297,3497303460.0,Capricorn,Yellow,Cooking
REC00298,20.0,68.1,53.1,2.19,S,998.9,0.2,17,1,1,Station_16,,Person_298,3330213691.0,Leo,Red,Photography
REC00299,17.1,62.7,57.3,3.84,SW,1015.1,1.04,1,2,6,Station_13,57.95,Person_299,3664797646.0,Capricorn,Orange,Sports
REC00300,26.8,80.2,23.4,0.6,NE,1014.9,0.39,13,3,2,Station_1,60.14,Person_300,3728021456.0,Capricorn,Yellow,Cinema
REC00301,22.3,72.2,88.2,1.2,SE,1033.8,1.01,9,2,9,Station_5,113.42,Person_301,3723667188.0,Aquarius,Green,Travel
REC00302,23.8,74.9,35.1,3.51,W,1018.4,0.27,6,1,3,Station_16,68.64,Person_302,3593206388.0,Virgo,Pink,Cooking
REC00303,12.8,55.1,55.5,2.33,N,1019.5,0.1,17,0,8,Station_13,72.32,Person_303,3593915830.0,Capricorn,Blue,Cinema
REC00304,32.9,91.2,56.0,,E,1011.4,3.05,2,2,9,Station_6,82.13,Person_304,3103724805.0,Scorpio,Red,Gardening
REC00305,,56.4,67.5,,NW,1017.4,0.14,15,6,11,Station_24,101.74,Person_305,3421705421.0,Gemini,Black,Cinema
REC00306,,80.9,68.8,2.18,E,1001.2,0.14,18,6,5,Station_22,93.53,Person_306,3343738233.0,Pisces,Orange,Photography
REC00307,16.9,62.4,,8.55,N,1015.1,1.65,16,3,8,Station_1,94.34,Person_307,3486964572.0,Scorpio,Red,Gardening
REC00308,18.7,65.6,70.3,0.3,N,1012.7,2.53,14,6,1,Station_19,84.17,Person_308,3724457680.0,Virgo,Yellow,Travel
REC00309,16.6,61.9,53.7,5.39,SE,1017.8,0.09,11,6,4,Station_18,81.28,Person_309,3204965619.0,Leo,Pink,Cinema
REC00310,,74.5,,,SW,1015.3,1.21,2,6,8,Station_18,102.59,Person_310,3035805680.0,Sagittarius,Purple,Cooking
REC00311,25.1,77.2,52.7,,W,1003.4,1.99,2,6,6,Station_20,75.82,Person_311,3418079904.0,Leo,Orange,Hiking
REC00312,18.1,64.5,,,N,1013.8,2.11,3,3,3,Station_2,71.5,Person_312,3692089116.0,Scorpio,Black,Cinema
REC00313,,61.5,92.3,2.6,E,1026.2,0.84,3,4,4,Station_11,98.44,Person_313,3157806450.0,Gemini,Green,Gaming
REC00314,14.3,57.8,64.4,0.15,E,1019.5,0.28,2,0,5,Station_12,85.99,Person_314,3037329280.0,Taurus,Black,Cinema
REC00315,31.1,87.9,45.0,2.52,N,1006.7,0.03,18,3,8,Station_17,64.07,Person_315,3044176666.0,Aquarius,Red,Sports
REC00316,12.1,53.7,49.9,1.7,NW,993.8,0.2,12,5,4,Station_21,61.27,Person_316,3977183152.0,Scorpio,Blue,Sports
REC00317,20.9,69.6,49.5,5.75,N,1021.0,0.48,2,1,3,Station_23,56.37,Person_317,3947464724.0,Capricorn,Orange,Sports
REC00318,3.2,37.7,61.0,0.31,NE,1013.2,0.52,5,3,1,Station_4,72.9,Person_318,3795539513.0,Aries,Blue,Hiking
REC00319,33.1,91.6,50.7,0.84,S,998.7,2.55,16,6,11,Station_24,77.36,Person_319,3247253909.0,Cancer,Yellow,Cinema
REC00320,4.5,40.1,60.0,4.55,E,1014.8,0.32,4,2,4,Station_7,,Person_320,3717577024.0,Virgo,Black,Hiking
REC00321,22.8,73.1,64.6,2.4,NW,1013.6,3.11,2,0,9,Station_16,84.07,Person_321,3411063979.0,Capricorn,Green,Hiking
REC00322,26.0,78.8,44.5,0.49,NW,1010.9,1.5,9,5,6,Station_18,45.42,Person_322,3261373406.0,Aquarius,Black,Sports
REC00323,18.2,64.7,71.0,0.06,SW,1005.7,0.42,13,6,1,Station_21,82.36,Person_323,3364693637.0,Leo,Red,Travel
REC00324,25.6,78.1,90.2,2.69,W,1014.6,0.54,1,5,12,Station_19,110.25,Person_324,3375451442.0,Gemini,Blue,Gardening
REC00325,29.8,85.7,57.4,,NW,1007.7,0.7,9,0,6,Station_24,62.11,Person_325,3968098506.0,Cancer,Yellow,Music
REC00326,23.0,73.4,62.0,0.74,SW,1022.4,3.47,20,0,4,Station_2,95.5,Person_326,3525791657.0,Cancer,Red,Reading
REC00327,19.9,67.9,35.3,2.82,NW,1012.3,0.92,20,0,2,Station_21,64.98,Person_327,3613626253.0,Virgo,Orange,Cooking
REC00328,26.2,79.2,,0.93,S,998.7,0.76,12,6,3,Station_8,72.85,Person_328,3502592182.0,Virgo,Gray,Gardening
REC00329,26.9,80.5,72.9,1.86,E,1020.3,1.26,12,5,10,Station_23,79.02,Person_329,3838776398.0,Virgo,Purple,Hiking
REC00330,34.6,94.2,63.7,0.05,NE,1012.6,0.34,2,2,5,Station_12,,Person_330,3592966225.0,Scorpio,Yellow,Photography
REC00331,17.1,62.7,44.5,2.06,SE,1017.5,1.53,23,2,8,Station_16,63.89,Person_331,3164852697.0,Sagittarius,Green,Music
REC00332,29.7,85.5,66.7,1.5,E,1020.3,1.1,19,0,2,Station_8,108.1,Person_332,3253280519.0,Virgo,Red,Cinema
REC00333,11.4,52.5,76.6,2.17,S,1012.0,0.83,17,4,6,Station_13,77.49,Person_333,3072000910.0,Leo,Gray,Sports
REC00334,9.7,49.5,94.2,0.64,SE,1019.0,0.47,12,3,1,Station_6,100.94,Person_334,3420430516.0,Aquarius,Green,Travel
REC00335,21.6,70.8,68.1,0.66,E,1008.4,0.36,5,1,4,Station_6,86.69,Person_335,3999925113.0,Gemini,Red,Reading
REC00336,20.5,68.9,69.9,1.47,NW,1009.0,0.02,16,4,10,Station_13,,Person_336,3197462603.0,Virgo,Red,Reading
REC00337,33.4,92.2,,1.62,S,1003.7,0.31,2,2,2,Station_16,,Person_337,3050689578.0,Aries,White,Gardening
REC00338,28.2,82.8,73.5,3.2,SW,1020.2,0.87,9,5,3,Station_11,88.18,Person_338,3840356475.0,Capricorn,Orange,Gardening
REC00339,14.6,58.3,67.5,0.57,N,1006.3,1.33,4,1,4,Station_22,104.7,Person_339,3529418272.0,Aries,Red,Travel
REC00340,31.3,88.3,72.4,1.17,W,1010.5,1.04,7,3,6,Station_3,104.0,Person_340,3602453997.0,Aries,Red,Cooking
REC00341,19.1,66.5,90.2,1.58,SW,1014.0,0.8,4,0,5,Station_10,110.11,Person_341,3215747428.0,Scorpio,Gray,Sports
REC00342,19.7,67.4,64.6,1.31,NW,1021.2,0.86,8,6,6,Station_10,76.76,Person_342,3691212468.0,Taurus,White,Hiking
REC00343,23.0,73.5,43.9,0.96,NW,1011.5,2.17,13,1,10,Station_19,81.36,Person_343,3071003546.0,Gemini,Orange,Cooking
REC00344,14.6,58.2,49.3,,SW,1011.3,0.01,16,6,11,Station_19,46.12,Person_344,3378198592.0,Gemini,Orange,Gardening
REC00345,24.1,75.3,66.8,3.53,SW,999.3,2.83,23,0,9,Station_17,95.71,Person_345,3062066635.0,Gemini,Black,Travel
REC00346,31.0,87.8,67.3,,SW,1026.5,0.07,21,5,9,Station_22,65.96,Person_346,3093559910.0,Cancer,Blue,Hiking
REC00347,26.3,79.4,76.8,1.72,S,1017.4,1.27,1,0,7,Station_4,98.04,Person_347,3327171720.0,Leo,Red,Cooking
REC00348,39.9,103.8,71.1,2.97,N,1013.2,5.72,17,1,6,Station_24,100.07,Person_348,3356331812.0,Aries,Green,Photography
REC00349,,71.3,61.0,3.62,S,1007.8,0.37,7,4,8,Station_3,86.1,Person_349,3386596072.0,Aquarius,Black,Travel
REC00350,,77.1,52.3,4.66,SE,1020.0,5.97,21,5,9,Station_6,65.22,Person_350,3838913604.0,Sagittarius,Blue,Music
REC00351,24.6,76.3,65.5,5.31,S,1022.6,1.18,18,6,6,Station_3,81.58,Person_351,3781008324.0,Leo,Gray,Cooking
REC00352,20.1,68.2,73.8,12.26,NW,1009.7,0.88,4,3,1,Station_12,77.73,Person_352,3667369039.0,Libra,Gray,Gaming
REC00353,24.0,75.1,59.2,2.45,NE,1012.0,1.54,22,0,4,Station_23,72.09,Person_353,3014027131.0,Capricorn,Orange,Cooking
REC00354,30.3,86.6,59.4,0.41,N,1018.8,0.32,4,1,1,Station_7,,Person_354,3438571295.0,Cancer,Gray,Travel
REC00355,26.2,79.1,57.5,12.37,NW,1008.0,1.97,7,6,6,Station_18,68.18,Person_355,3990215556.0,Leo,Purple,Gardening
REC00356,17.1,62.7,50.2,0.56,NW,1001.0,2.96,21,0,10,Station_2,71.24,Person_356,3316447654.0,Taurus,Blue,Reading
REC00357,11.9,53.5,68.0,0.42,SE,1008.5,2.43,12,1,1,Station_17,90.02,Person_357,3166937741.0,Virgo,Blue,Cooking
REC00358,15.3,59.6,42.8,2.01,SE,1021.4,2.3,1,5,2,Station_2,62.09,Person_358,3160470806.0,Virgo,Gray,Hiking
REC00359,22.9,73.1,72.3,4.15,W,1006.5,0.27,4,3,5,Station_4,73.46,Person_359,3135810873.0,Aquarius,Gray,Gardening
REC00360,,73.4,62.6,,W,1008.9,0.99,0,5,6,Station_13,104.5,Person_360,3832021725.0,Scorpio,Blue,Photography
REC00361,17.0,62.6,67.4,0.67,W,1007.2,1.85,4,0,1,Station_10,111.41,Person_361,3958538769.0,Capricorn,Red,Music
REC00362,27.3,81.1,35.1,2.58,S,1003.7,0.1,9,4,8,Station_6,65.15,Person_362,3265074677.0,Virgo,Orange,Gardening
REC00363,41.1,106.0,68.5,2.26,S,1010.5,0.66,0,0,8,Station_21,92.29,Person_363,3521720486.0,Sagittarius,Yellow,Gardening
REC00364,23.9,75.1,,2.66,W,1002.9,0.59,1,6,12,Station_14,111.23,Person_364,3623343605.0,Taurus,Gray,Cooking
REC00365,20.3,68.6,100.0,0.13,SW,1022.5,0.23,11,4,7,Station_4,111.39,Person_365,3468022361.0,Aquarius,Green,Travel
REC00366,42.0,107.6,46.2,2.12,W,1011.2,0.01,2,6,2,Station_7,59.92,Person_366,3005340274.0,Virgo,Black,Cooking
REC00367,22.3,72.1,46.6,0.44,E,1004.4,1.04,4,6,5,Station_1,71.66,Person_367,3857321715.0,Taurus,Green,Photography
REC00368,,90.7,88.8,0.27,W,1006.7,0.83,13,6,4,Station_24,98.07,Person_368,3989899362.0,Taurus,White,Gaming
REC00369,31.9,89.4,46.5,6.13,SW,1004.8,0.05,18,3,10,Station_16,81.41,Person_369,3481208789.0,Taurus,Pink,Gaming
REC00370,14.5,58.2,48.7,,SE,1002.0,1.35,1,1,1,Station_15,93.66,Person_370,3685426465.0,Aries,Purple,Reading
REC00371,27.9,82.2,56.8,1.11,W,1031.4,0.38,22,6,6,Station_8,85.64,Person_371,3773902333.0,Libra,Red,Music
REC00372,11.4,52.4,73.3,1.89,SW,998.0,0.04,13,2,12,Station_15,75.98,Person_372,3346472836.0,Leo,Gray,Music
REC00373,16.3,61.4,42.8,3.24,NE,1011.3,0.31,23,4,8,Station_6,93.85,Person_373,3425851870.0,Gemini,Black,Cooking
REC00374,,61.3,43.0,10.31,SW,1019.9,0.1,3,1,10,Station_18,44.87,Person_374,3376532230.0,Gemini,Blue,Music
REC00375,,80.7,37.8,6.75,W,1019.0,1.42,6,6,10,Station_2,,Person_375,3297288854.0,Libra,Pink,Music
REC00376,13.1,55.6,56.5,,W,1023.4,1.58,5,5,6,Station_6,79.28,Person_376,3503576079.0,Cancer,Yellow,Reading
REC00377,18.8,65.8,44.1,3.92,NW,1010.0,2.8,10,3,1,Station_21,12.62,Person_377,3007147606.0,Pisces,Yellow,Gaming
REC00378,28.9,84.0,53.6,4.01,S,1005.1,0.39,6,4,3,Station_8,70.09,Person_378,3648877388.0,Gemini,Yellow,Gaming
REC00379,31.3,88.3,56.3,0.29,S,1007.8,0.52,5,6,2,Station_14,77.2,Person_379,3721910770.0,Cancer,Gray,Reading
REC00380,15.2,59.3,75.2,9.72,W,1005.7,0.51,3,3,7,Station_13,77.65,Person_380,3276410291.0,Scorpio,Purple,Gardening
REC00381,21.1,70.0,86.6,,NW,1006.4,1.33,21,3,1,Station_5,,Person_381,3935211800.0,Scorpio,Yellow,Hiking
REC00382,,81.9,63.3,1.72,S,1024.2,0.02,20,2,2,Station_2,102.35,Person_382,3015379939.0,Scorpio,Gray,Travel
REC00383,21.2,70.1,38.4,,N,1005.2,1.02,10,6,10,Station_5,47.58,Person_383,3130702289.0,Gemini,Pink,Cinema
REC00384,26.7,80.0,,0.58,E,1005.0,0.99,18,0,12,Station_14,92.83,Person_384,3832523999.0,Libra,Yellow,Gardening
REC00385,19.4,66.9,53.7,3.48,N,1009.8,0.87,10,2,5,Station_16,61.83,Person_385,3461485400.0,Scorpio,Pink,Reading
REC00386,,73.2,45.6,0.18,W,1021.8,1.64,1,6,1,Station_19,,Person_386,3781049828.0,Scorpio,Purple,Reading
REC00387,31.4,88.5,89.2,10.96,SE,1019.1,0.19,12,1,5,Station_9,,Person_387,3835751592.0,Pisces,Black,Reading
REC00388,14.2,57.6,57.3,,W,1016.6,1.46,10,6,11,Station_6,68.34,Person_388,3151106046.0,Capricorn,Red,Reading
REC00389,32.5,90.5,54.1,0.64,S,1007.7,4.47,8,3,2,Station_24,,Person_389,3970473106.0,Leo,Pink,Sports
REC00390,27.6,81.7,79.1,2.19,SE,999.8,0.1,10,2,3,Station_6,97.7,Person_390,3955428511.0,Cancer,Green,Hiking
REC00391,24.0,75.2,95.5,0.49,W,1004.7,0.52,13,4,6,Station_14,97.98,Person_391,3886934563.0,Cancer,Green,Music
REC00392,26.0,78.8,,0.6,NE,1013.7,1.94,1,2,5,Station_24,74.88,Person_392,3278260017.0,Aries,Pink,Hiking
REC00393,27.4,81.3,,3.81,SW,1005.8,0.06,20,3,3,Station_18,,Person_393,3789140632.0,Libra,Pink,Music
REC00394,28.7,83.7,,3.71,NW,1020.8,1.3,9,2,7,Station_15,74.37,Person_394,3946768057.0,Gemini,Orange,Gardening
REC00395,18.5,65.2,69.1,1.52,S,1012.7,0.05,11,5,2,Station_22,100.16,Person_395,3989288432.0,Cancer,Black,Music
REC00396,22.8,73.0,68.4,,SW,1018.8,2.49,13,0,2,Station_23,78.98,Person_396,3587736187.0,Leo,Blue,Sports
REC00397,27.5,81.6,71.7,1.06,E,1011.8,1.23,5,6,5,Station_9,82.74,Person_397,3344169074.0,Scorpio,Gray,Cooking
REC00398,19.6,67.3,,2.35,SE,1004.1,0.54,19,1,5,Station_2,84.67,Person_398,3420344322.0,Pisces,White,Gaming
REC00399,12.7,54.9,75.7,5.51,NE,1006.0,1.73,15,5,7,Station_21,69.62,Person_399,3780642779.0,Sagittarius,Blue,Travel
REC00400,36.6,97.9,57.9,0.48,W,1003.2,0.67,3,1,3,Station_7,,Person_400,3569031983.0,Aquarius,Orange,Sports
REC00401,0.4,32.8,69.0,0.11,E,998.6,2.52,19,2,11,Station_1,83.84,Person_401,3662782676.0,Aries,Pink,Travel
REC00402,23.2,73.8,63.0,17.54,E,1007.5,0.75,12,6,1,Station_8,46.66,Person_402,3927392157.0,Aquarius,Green,Cooking
REC00403,21.8,71.2,80.6,1.59,NW,1004.0,0.93,0,2,8,Station_6,92.88,Person_403,3012242913.0,Cancer,Purple,Photography
REC00404,26.7,80.0,57.6,3.74,E,1006.7,0.93,9,2,12,Station_1,67.07,Person_404,3140425383.0,Aries,Gray,Cinema
REC00405,21.0,69.7,57.0,6.44,E,1001.8,1.27,18,0,4,Station_10,97.78,Person_405,3920892181.0,Virgo,Black,Reading
REC00406,17.8,64.0,27.1,2.64,W,1020.6,0.26,21,1,8,Station_10,44.59,Person_406,3747205549.0,Aquarius,Yellow,Cinema
REC00407,15.2,59.3,56.0,6.09,SE,1014.4,0.22,7,0,4,Station_4,77.25,Person_407,3839397604.0,Virgo,Green,Reading
REC00408,27.1,80.7,94.2,8.11,SW,1016.7,0.14,12,1,4,Station_5,75.83,Person_408,3825361623.0,Libra,Yellow,Sports
REC00409,,48.6,59.6,7.1,W,1004.7,0.46,15,6,8,Station_24,82.95,Person_409,3675730216.0,Capricorn,Pink,Music
REC00410,27.4,81.3,53.5,0.24,W,1007.4,0.51,22,6,8,Station_23,103.29,Person_410,3705904500.0,Virgo,White,Hiking
REC00411,8.6,47.4,75.6,1.12,E,1008.8,0.02,22,6,4,Station_4,92.03,Person_411,3510539822.0,Virgo,Pink,Photography
REC00412,21.3,70.3,66.9,5.79,N,1012.2,3.53,22,5,5,Station_9,43.4,Person_412,3701564161.0,Capricorn,Purple,Music
REC00413,18.9,66.1,,,W,1020.7,0.36,22,2,9,Station_4,85.43,Person_413,3634536798.0,Taurus,White,Cinema
REC00414,,71.1,48.3,2.26,NE,1004.5,0.32,18,3,4,Station_20,79.7,Person_414,3327905498.0,Sagittarius,Purple,Gaming
REC00415,21.0,69.8,46.6,,N,1022.2,2.1,3,6,7,Station_22,95.24,Person_415,3435513257.0,Aries,Gray,Sports
REC00416,17.7,63.9,93.8,,NW,1011.5,0.52,11,4,7,Station_20,88.8,Person_416,3060615333.0,Aquarius,White,Gaming
REC00417,20.9,69.7,73.0,3.58,N,1007.5,0.24,17,1,2,Station_6,83.57,Person_417,3313415496.0,Aquarius,Yellow,Music
REC00418,31.1,88.0,55.9,3.75,E,1016.6,2.08,14,4,11,Station_21,46.55,Person_418,3597950890.0,Gemini,Green,Music
REC00419,15.9,60.6,,,S,1022.1,0.0,17,3,1,Station_11,62.17,Person_419,3217122974.0,Aries,Blue,Cinema
REC00420,20.3,68.5,44.3,4.03,N,998.9,1.18,16,4,12,Station_19,80.44,Person_420,3216306100.0,Scorpio,Gray,Cinema
REC00421,15.0,59.1,53.6,2.3,W,1012.2,1.37,6,2,1,Station_15,66.12,Person_421,3323455592.0,Scorpio,Pink,Hiking
REC00422,,72.1,47.9,1.91,NE,1004.1,1.17,10,0,10,Station_22,50.64,Person_422,3542672989.0,Taurus,Pink,Gaming
REC00423,19.4,66.9,,4.24,SW,1003.0,0.12,3,6,4,Station_15,94.24,Person_423,3967934274.0,Aquarius,White,Hiking
REC00424,28.0,82.4,72.5,0.14,N,1017.5,2.12,19,2,5,Station_15,96.94,Person_424,3055799042.0,Leo,Yellow,Reading
REC00425,23.4,74.0,78.5,4.4,S,1018.5,0.07,18,5,11,Station_6,,Person_425,3436537334.0,Cancer,Black,Travel
REC00426,15.7,60.3,55.8,2.28,SE,1010.2,0.5,16,0,8,Station_20,76.45,Person_426,3197153825.0,Leo,Purple,Cinema
REC00427,15.0,59.0,51.3,,E,1014.4,0.97,19,1,12,Station_14,78.05,Person_427,3114885637.0,Taurus,Pink,Reading
REC00428,18.3,64.9,54.5,,NE,1004.9,2.38,0,3,6,Station_7,,Person_428,3269032687.0,Sagittarius,Purple,Hiking
REC00429,11.9,53.4,70.0,11.46,N,1015.4,0.56,15,3,5,Station_14,,Person_429,3108707922.0,Leo,Black,Gardening
REC00430,33.7,92.7,84.2,1.57,S,1019.5,1.11,6,4,10,Station_19,79.56,Person_430,3145355776.0,Taurus,Black,Photography
REC00431,31.9,89.5,69.7,1.31,E,1005.8,0.18,11,5,6,Station_11,79.91,Person_431,3183550341.0,Taurus,Orange,Sports
REC00432,31.0,87.8,54.8,3.07,NW,1009.6,1.12,12,3,9,Station_18,68.61,Person_432,3164672658.0,Virgo,Gray,Gardening
REC00433,18.6,65.5,69.3,2.74,SW,1006.1,1.98,4,6,10,Station_8,82.2,Person_433,3185407390.0,Cancer,Black,Gaming
REC00434,23.7,74.6,61.5,1.04,E,1030.2,0.55,14,4,1,Station_21,92.54,Person_434,3229044610.0,Gemini,Purple,Gardening
REC00435,27.8,82.0,62.9,2.0,E,1002.9,0.35,11,2,12,Station_16,,Person_435,3611380697.0,Aries,Yellow,Photography
REC00436,25.7,78.2,,,N,1012.3,0.59,12,2,11,Station_19,88.43,Person_436,3484924142.0,Gemini,White,Photography
REC00437,10.2,50.3,77.4,0.02,SE,1008.5,0.82,19,2,11,Station_8,91.13,Person_437,3231739295.0,Pisces,Gray,Hiking
REC00438,20.6,69.2,65.5,0.68,NE,1010.3,1.89,9,2,10,Station_14,54.82,Person_438,3268145537.0,Leo,Orange,Photography
REC00439,20.0,68.0,,0.17,N,1029.4,0.22,3,6,2,Station_4,82.96,Person_439,3238900850.0,Taurus,White,Cinema
REC00440,26.3,79.3,56.6,1.44,NW,1008.0,1.31,3,4,8,Station_3,77.72,Person_440,3456993419.0,Leo,Pink,Travel
REC00441,24.2,75.6,55.0,,SE,1007.1,0.43,17,6,1,Station_18,81.42,Person_441,3973438035.0,Taurus,Blue,Hiking
REC00442,25.6,78.0,43.7,2.87,SE,1007.2,0.89,16,5,4,Station_14,46.21,Person_442,3304277345.0,Virgo,White,Travel
REC00443,21.8,71.2,54.2,4.71,W,1028.1,0.87,19,2,9,Station_4,79.61,Person_443,3189656003.0,Virgo,Pink,Sports
REC00444,19.0,66.1,,3.0,N,1017.4,0.41,9,4,10,Station_8,102.7,Person_444,3419298173.0,Aquarius,White,Sports
REC00445,19.4,67.0,62.1,0.33,NE,1003.7,3.32,14,2,2,Station_15,,Person_445,3693998341.0,Leo,Green,Music
REC00446,14.0,57.3,81.2,0.2,SE,1014.3,0.38,14,1,6,Station_11,96.05,Person_446,3077428884.0,Gemini,Black,Gardening
REC00447,20.8,69.4,59.7,2.06,N,1008.2,1.7,16,0,3,Station_7,,Person_447,3255347250.0,Aries,Yellow,Reading
REC00448,19.9,67.8,87.3,21.65,NW,1017.8,2.02,14,4,1,Station_22,85.36,Person_448,3507180634.0,Capricorn,Purple,Cinema
REC00449,,66.6,62.5,0.46,W,1009.6,0.03,6,6,10,Station_17,85.64,Person_449,3092090677.0,Aquarius,Blue,Sports
REC00450,21.8,71.2,,0.17,SW,1011.8,0.03,16,3,11,Station_23,,Person_450,3150104688.0,Pisces,Purple,Music
REC00451,13.2,55.7,53.7,1.18,NE,1007.3,1.42,22,4,7,Station_4,,Person_451,3248557708.0,Capricorn,White,Cinema
REC00452,35.3,95.5,55.0,,NW,1024.5,0.04,17,3,9,Station_13,67.19,Person_452,3452719152.0,Aries,Yellow,Sports
REC00453,17.9,64.2,73.1,,E,1008.8,0.64,10,2,4,Station_22,86.33,Person_453,3945071809.0,Aquarius,Blue,Cooking
REC00454,38.0,100.4,56.5,2.75,NW,1005.4,0.52,1,1,3,Station_18,84.66,Person_454,3841569408.0,Pisces,Black,Reading
REC00455,20.0,68.1,53.2,6.01,NE,1025.7,1.2,13,5,4,Station_16,69.93,Person_455,3992178912.0,Sagittarius,Pink,Gaming
REC00456,24.7,76.5,40.6,0.67,NE,1014.2,0.3,4,4,3,Station_24,52.07,Person_456,3804844448.0,Pisces,Black,Reading
REC00457,37.5,99.5,47.5,0.16,N,996.9,0.21,7,6,9,Station_16,90.95,Person_457,3043135665.0,Leo,Red,Hiking
REC00458,,90.5,46.1,0.57,W,1016.1,0.42,17,6,7,Station_10,78.03,Person_458,3262866026.0,Aquarius,Orange,Hiking
REC00459,24.5,76.1,,3.13,E,1012.9,0.66,22,3,6,Station_15,61.42,Person_459,3159538417.0,Leo,Orange,Gardening
REC00460,19.3,66.8,35.1,0.3,SE,1015.9,0.29,6,2,3,Station_3,-20.0,Person_460,3938254234.0,Cancer,Pink,Gaming
REC00461,24.8,76.6,48.4,0.67,SW,1009.5,1.82,3,4,1,Station_24,,Person_461,3885490009.0,Aries,Green,Music
REC00462,26.2,79.1,41.4,1.74,SE,1006.3,0.18,10,3,10,Station_6,,Person_462,3329141543.0,Capricorn,Red,Photography
REC00463,16.0,60.9,63.1,1.16,NE,1007.2,0.75,0,5,12,Station_22,93.2,Person_463,3480034937.0,Scorpio,Red,Photography
REC00464,7.7,45.9,,1.24,SW,1003.6,0.6,12,6,7,Station_4,94.64,Person_464,3589757638.0,Gemini,Pink,Gaming
REC00465,11.6,52.9,49.2,2.88,N,1017.0,1.22,10,4,5,Station_8,78.28,Person_465,3434762915.0,Virgo,Yellow,Cinema
REC00466,23.6,74.5,,0.43,NW,1002.9,0.85,1,2,1,Station_12,135.73,Person_466,3688767799.0,Aries,Yellow,Gardening
REC00467,21.9,71.3,64.8,2.24,NW,1014.5,1.82,7,5,3,Station_17,111.47,Person_467,3545003946.0,Pisces,Blue,Cinema
REC00468,34.0,93.2,,2.61,NE,1012.7,0.83,2,6,4,Station_15,103.4,Person_468,3865524520.0,Sagittarius,Purple,Gardening
REC00469,21.4,70.4,,3.46,SW,1000.3,0.25,3,0,1,Station_10,69.72,Person_469,3751787531.0,Leo,White,Cooking
REC00470,25.0,77.0,,4.42,NE,1015.5,0.23,5,3,3,Station_9,87.62,Person_470,3732048950.0,Capricorn,Gray,Photography
REC00471,24.2,75.5,49.2,2.24,W,1009.3,0.01,18,1,9,Station_14,78.79,Person_471,3107871454.0,Cancer,Purple,Sports
REC00472,14.8,58.6,44.7,1.81,NE,1013.6,2.5,23,3,10,Station_6,64.36,Person_472,3951246755.0,Capricorn,White,Gaming
REC00473,15.2,59.3,68.0,1.81,E,1005.7,0.32,16,6,12,Station_15,58.69,Person_473,3464303220.0,Pisces,Yellow,Gaming
REC00474,31.7,89.0,36.5,,SW,1012.7,0.38,18,0,10,Station_6,62.47,Person_474,3732765522.0,Leo,Yellow,Music
REC00475,13.1,55.6,70.0,4.38,W,1022.8,0.13,21,0,9,Station_2,100.32,Person_475,3812978169.0,Pisces,Gray,Travel
REC00476,17.3,63.1,79.7,1.72,E,1009.0,1.29,13,4,10,Station_5,73.38,Person_476,3409404110.0,Libra,Blue,Reading
REC00477,14.6,58.4,52.2,1.08,NE,1016.3,0.77,5,5,10,Station_21,94.08,Person_477,3909714363.0,Gemini,White,Cooking
REC00478,6.2,43.2,55.1,0.72,N,1022.8,0.92,7,2,4,Station_17,95.06,Person_478,3499050554.0,Pisces,Blue,Reading
REC00479,,78.2,89.0,1.95,NE,1013.0,0.52,19,2,3,Station_3,135.29,Person_479,3727922754.0,Scorpio,Orange,Music
REC00480,30.1,86.2,50.6,1.33,S,1011.2,0.38,16,4,8,Station_10,65.86,Person_480,3292008682.0,Libra,Yellow,Music
REC00481,21.3,70.3,75.2,4.66,W,1029.3,0.51,11,4,10,Station_12,101.58,Person_481,3052722930.0,Scorpio,Purple,Gardening
REC00482,29.3,84.7,67.7,8.88,E,1019.4,0.21,4,1,8,Station_19,82.29,Person_482,3837069977.0,Gemini,Blue,Gardening
REC00483,19.7,67.5,40.7,6.51,NE,1015.0,0.31,19,1,12,Station_20,,Person_483,3791852928.0,Aries,Red,Cinema
REC00484,30.0,86.0,61.0,1.9,S,1002.8,0.11,4,5,3,Station_2,,Person_484,3337730986.0,Leo,Red,Travel
REC00485,35.1,95.2,75.6,1.13,NW,1012.7,0.37,22,3,8,Station_18,84.75,Person_485,3609144072.0,Sagittarius,Pink,Hiking
REC00486,28.8,83.9,38.0,0.23,SE,1010.1,0.21,14,4,10,Station_20,66.01,Person_486,3413587203.0,Aries,Pink,Gardening
REC00487,,68.2,71.1,5.45,E,1020.0,1.36,23,3,6,Station_23,97.36,Person_487,3739200474.0,Virgo,Blue,Music
REC00488,12.4,54.2,70.0,1.79,N,1017.2,0.27,16,2,7,Station_15,68.67,Person_488,3278962214.0,Sagittarius,Red,Reading
REC00489,22.7,72.9,43.0,5.7,NE,1005.9,0.54,15,1,6,Station_18,72.12,Person_489,3921374629.0,Scorpio,Red,Gaming
REC00490,26.1,79.0,57.3,,SE,1002.2,0.85,16,5,11,Station_19,87.49,Person_490,3995689243.0,Aries,Blue,Travel
REC00491,15.3,59.6,54.4,2.51,S,1012.3,3.2,23,6,10,Station_17,73.64,Person_491,3961815106.0,Capricorn,Blue,Travel
REC00492,21.2,70.2,68.5,0.44,SW,1012.3,0.72,8,2,1,Station_22,74.28,Person_492,3454304449.0,Pisces,Blue,Cinema
REC00493,24.1,75.5,,2.31,NW,1016.6,0.17,11,6,2,Station_21,41.86,Person_493,3726357862.0,Libra,White,Hiking
REC00494,22.5,72.6,49.1,,S,1010.4,0.2,5,4,9,Station_4,56.27,Person_494,3930841921.0,Cancer,Green,Reading
REC00495,31.7,89.1,79.8,0.23,SE,1010.9,0.18,23,3,11,Station_24,100.03,Person_495,3287716443.0,Aries,Red,Music
REC00496,20.3,68.6,58.9,1.31,E,1005.3,0.1,14,4,12,Station_16,69.29,Person_496,3074242176.0,Scorpio,Purple,Travel
REC00497,14.9,58.8,64.0,8.03,E,1010.1,0.59,21,6,2,Station_16,99.02,Person_497,3554001632.0,Pisces,White,Music
REC00498,,86.9,83.3,3.11,NW,1015.1,1.82,22,4,3,Station_22,93.92,Person_498,3562414640.0,Pisces,Red,Cooking
REC00499,29.0,84.2,,6.09,NW,1011.3,1.33,19,1,2,Station_22,102.0,Person_499,3066325388.0,Aquarius,Purple,Photography
REC00500,16.5,61.7,59.6,,SW,1016.2,2.14,19,0,9,Station_2,77.84,Person_500,3863675356.0,Leo,Yellow,Cooking
REC00501,21.4,70.5,71.0,3.7,N,1018.2,5.47,2,6,7,Station_18,106.29,Person_501,3072951504.0,Leo,Red,Travel
REC00502,13.1,55.6,49.0,1.19,W,1010.0,3.41,13,1,9,Station_21,56.87,Person_502,3625255178.0,Pisces,Pink,Gardening
REC00503,,92.2,,5.19,W,1019.3,0.71,17,5,5,Station_9,92.92,Person_503,3627856002.0,Aries,Orange,Travel
REC00504,17.4,63.3,51.0,1.23,SW,1024.6,0.07,20,0,12,Station_12,70.07,Person_504,3460717943.0,Taurus,Purple,Photography
REC00505,24.6,76.3,,0.38,SE,1008.9,0.56,18,6,3,Station_18,,Person_505,3968845451.0,Cancer,Yellow,Gardening
REC00506,26.3,79.4,41.6,9.06,SE,1012.9,0.15,20,5,3,Station_24,,Person_506,3277895479.0,Leo,Yellow,Cinema
REC00507,10.6,51.1,70.7,6.24,S,1015.4,1.21,12,1,1,Station_22,66.6,Person_507,3985196855.0,Leo,Yellow,Reading
REC00508,18.6,65.5,73.2,2.74,W,1024.4,0.84,5,0,8,Station_22,73.64,Person_508,3065025524.0,Leo,White,Cinema
REC00509,6.8,44.2,79.2,1.47,N,1007.3,0.15,13,0,6,Station_21,105.66,Person_509,3362887062.0,Pisces,Green,Cooking
REC00510,8.3,46.9,63.2,3.14,N,1014.6,0.55,14,1,9,Station_21,73.45,Person_510,3113160725.0,Aquarius,Blue,Reading
REC00511,,47.5,66.8,4.25,NE,1016.9,1.01,9,6,10,Station_17,80.49,Person_511,3843364158.0,Virgo,Red,Travel
REC00512,17.6,63.6,59.3,0.43,SE,1005.6,0.1,3,0,9,Station_15,101.23,Person_512,3551214131.0,Cancer,White,Photography
REC00513,,71.1,47.9,1.95,E,1004.8,0.73,14,4,3,Station_6,50.16,Person_513,3522002450.0,Virgo,Gray,Travel
REC00514,21.6,70.8,39.1,7.12,NE,1006.6,2.99,5,3,8,Station_7,61.34,Person_514,3120290641.0,Gemini,Red,Cooking
REC00515,22.0,71.6,66.7,1.06,NW,1021.5,0.24,8,3,5,Station_1,76.9,Person_515,3068406559.0,Scorpio,Red,Reading
REC00516,21.8,71.3,55.0,10.22,N,1014.4,1.97,22,6,12,Station_11,80.15,Person_516,3267030286.0,Leo,Orange,Sports
REC00517,12.4,54.3,52.5,3.78,SE,1005.0,0.86,0,2,7,Station_20,105.97,Person_517,3369144112.0,Scorpio,White,Photography
REC00518,23.5,74.3,56.2,1.58,NW,1012.2,0.56,20,6,6,Station_18,,Person_518,3917274380.0,Libra,Red,Gaming
REC00519,23.0,73.4,63.0,4.18,NE,1005.2,1.47,1,1,11,Station_23,55.15,Person_519,3770085484.0,Leo,Blue,Sports
REC00520,27.9,82.2,25.6,,E,1004.2,0.16,0,6,7,Station_3,60.17,Person_520,3981051615.0,Capricorn,Yellow,Gaming
REC00521,13.3,55.9,25.3,2.46,E,1020.3,1.83,17,0,11,Station_12,,Person_521,3476790819.0,Aquarius,Yellow,Photography
REC00522,18.4,65.2,38.9,6.26,SW,1010.9,0.96,16,6,8,Station_4,73.01,Person_522,3254578606.0,Pisces,Green,Travel
REC00523,24.6,76.2,67.9,4.81,SE,1014.1,1.97,14,3,5,Station_23,62.21,Person_523,3398284711.0,Leo,White,Reading
REC00524,19.5,67.1,,3.99,N,1022.3,4.56,7,1,6,Station_7,,Person_524,3562278911.0,Aries,Black,Cinema
REC00525,16.2,61.2,42.0,,W,999.5,0.52,1,1,11,Station_3,65.24,Person_525,3311418813.0,Aquarius,White,Sports
REC00526,,80.4,78.2,3.31,NW,1018.5,3.46,10,5,8,Station_19,76.01,Person_526,3225684939.0,Virgo,Purple,Gardening
REC00527,18.0,64.3,57.3,,NW,1016.6,1.2,19,0,2,Station_22,59.05,Person_527,3595642241.0,Virgo,Yellow,Gaming
REC00528,34.6,94.3,47.4,3.99,N,1002.4,0.92,20,4,8,Station_20,75.65,Person_528,3969175859.0,Gemini,Purple,Cooking
REC00529,,78.6,73.7,2.79,SE,1006.1,0.26,21,4,8,Station_14,108.63,Person_529,3890215775.0,Libra,Black,Cinema
REC00530,12.8,55.0,,,NE,1000.2,0.75,0,3,9,Station_18,89.91,Person_530,3035246304.0,Gemini,Red,Cooking
REC00531,25.9,78.6,44.6,2.77,SW,1013.4,0.52,12,5,10,Station_11,56.02,Person_531,3347210119.0,Leo,Purple,Cooking
REC00532,25.1,77.2,49.4,0.4,W,1023.9,3.65,15,5,2,Station_7,63.74,Person_532,3285597471.0,Aquarius,Pink,Reading
REC00533,33.8,92.8,43.7,,SW,1014.2,1.25,23,3,4,Station_1,35.18,Person_533,3970569350.0,Aquarius,Pink,Music
REC00534,,62.2,36.8,15.56,SE,1013.8,1.08,5,1,11,Station_14,37.9,Person_534,3395121074.0,Libra,Red,Music
REC00535,21.1,70.0,53.4,1.1,SE,1011.8,0.66,19,3,11,Station_8,91.48,Person_535,3970109650.0,Sagittarius,Yellow,Reading
REC00536,33.9,92.9,33.3,0.6,E,1030.2,3.77,1,5,12,Station_15,68.2,Person_536,3769187570.0,Virgo,Green,Music
REC00537,31.7,89.0,72.8,0.16,NW,1003.1,0.07,14,4,1,Station_23,82.27,Person_537,3312002451.0,Capricorn,White,Gardening
REC00538,26.4,79.6,71.0,1.35,SE,1018.9,0.48,2,2,4,Station_12,,Person_538,3816456386.0,Gemini,Blue,Sports
REC00539,20.1,68.3,56.9,1.23,N,1020.9,1.4,23,1,11,Station_20,74.79,Person_539,3483172860.0,Leo,Purple,Gardening
REC00540,,73.5,63.1,,SW,1014.6,1.32,19,6,8,Station_16,75.8,Person_540,3086385916.0,Gemini,White,Music
REC00541,12.3,54.2,50.1,2.81,NE,999.3,0.83,17,5,2,Station_5,63.33,Person_541,3127467881.0,Pisces,Red,Cooking
REC00542,26.9,80.4,55.0,3.39,W,1000.5,1.64,23,4,6,Station_17,87.18,Person_542,3095782793.0,Taurus,Pink,Cooking
REC00543,7.6,45.6,46.8,1.22,NE,1016.0,1.4,11,4,1,Station_19,76.04,Person_543,3451205088.0,Leo,Gray,Sports
REC00544,17.5,63.6,69.5,,E,1013.5,0.77,1,2,8,Station_7,112.9,Person_544,3727789784.0,Scorpio,Purple,Hiking
REC00545,30.3,86.6,,1.22,SE,1020.0,1.91,6,6,5,Station_11,,Person_545,3766944428.0,Aquarius,Purple,Sports
REC00546,18.0,64.5,80.5,1.72,NW,1009.9,1.26,16,1,3,Station_1,102.63,Person_546,3608299722.0,Virgo,Yellow,Gaming
REC00547,20.3,68.5,59.7,4.78,NE,1018.5,0.59,9,5,6,Station_13,87.87,Person_547,3809060771.0,Libra,Pink,Sports
REC00548,13.8,56.8,46.0,2.12,S,1018.6,0.35,15,3,2,Station_9,49.2,Person_548,3804711283.0,Libra,Black,Gaming
REC00549,17.9,64.3,60.8,4.35,NE,1010.3,0.66,5,1,6,Station_7,64.5,Person_549,3307248237.0,Virgo,Yellow,Cinema
REC00550,22.9,73.3,48.0,3.22,E,1003.2,1.01,9,1,1,Station_10,64.85,Person_550,3439734770.0,Aries,Green,Photography
REC00551,19.3,66.7,82.1,3.1,NE,1018.3,0.36,6,1,1,Station_22,100.12,Person_551,3134494102.0,Cancer,White,Photography
REC00552,27.1,80.7,49.5,8.28,S,1010.5,0.08,22,1,7,Station_5,76.29,Person_552,3274405229.0,Capricorn,Green,Reading
REC00553,33.7,92.6,31.5,3.39,SW,1011.9,0.17,4,3,12,Station_6,49.32,Person_553,3434598027.0,Sagittarius,Gray,Music
REC00554,,74.3,41.5,1.47,S,994.5,0.84,1,5,8,Station_6,78.38,Person_554,3175532336.0,Cancer,Yellow,Reading
REC00555,37.8,100.1,80.6,1.18,NE,1014.6,0.75,2,4,3,Station_5,106.54,Person_555,3848802620.0,Virgo,Pink,Reading
REC00556,22.0,71.6,52.7,,W,1003.0,0.31,19,3,2,Station_6,67.84,Person_556,3573683872.0,Cancer,Black,Sports
REC00557,,67.3,35.1,,SW,1011.6,0.23,21,0,8,Station_6,47.34,Person_557,3566264072.0,Leo,Green,Photography
REC00558,14.8,58.7,65.7,2.31,NE,1018.4,0.32,12,2,12,Station_19,,Person_558,3968454533.0,Leo,White,Reading
REC00559,15.3,59.5,62.0,,NW,1008.1,0.29,14,0,11,Station_15,82.46,Person_559,3377775587.0,Gemini,Orange,Sports
REC00560,12.1,53.8,72.0,2.21,SE,1016.2,1.24,10,3,3,Station_21,81.09,Person_560,3173984904.0,Aquarius,Blue,Hiking
REC00561,24.8,76.6,51.3,1.54,NE,1019.5,1.17,19,2,8,Station_10,87.24,Person_561,3952996167.0,Taurus,Black,Cinema
REC00562,29.9,85.8,63.3,0.27,W,1007.7,1.68,15,3,8,Station_14,97.93,Person_562,3684634551.0,Libra,Black,Cinema
REC00563,11.0,51.8,33.4,2.26,W,994.2,0.66,2,3,10,Station_20,38.36,Person_563,3948250883.0,Gemini,Purple,Hiking
REC00564,,59.9,51.9,3.7,N,1010.5,3.13,0,4,5,Station_5,,Person_564,3409565902.0,Virgo,Purple,Reading
REC00565,29.5,85.0,78.9,,S,1013.4,1.68,18,3,1,Station_24,99.66,Person_565,3948240208.0,Virgo,Pink,Gaming
REC00566,16.8,62.2,50.8,0.17,NW,1020.9,1.54,8,5,4,Station_13,67.1,Person_566,3622928673.0,Taurus,Purple,Gardening
REC00567,29.4,84.9,37.1,0.35,E,1008.6,0.6,2,4,9,Station_1,78.35,Person_567,3928546410.0,Cancer,Purple,Cinema
REC00568,24.6,76.4,38.9,1.8,N,1024.7,0.81,4,3,5,Station_8,68.75,Person_568,3296274248.0,Sagittarius,Orange,Reading
REC00569,13.3,55.9,52.5,0.54,W,1011.2,0.27,1,4,8,Station_12,99.0,Person_569,3007466247.0,Leo,White,Music
REC00570,,55.6,48.0,5.13,S,1010.6,0.22,7,4,6,Station_10,72.82,Person_570,3617340482.0,Leo,Red,Gaming
REC00571,23.8,74.8,46.1,0.51,SE,1005.5,0.16,8,2,3,Station_1,76.42,Person_571,3375136161.0,Aries,Yellow,Photography
REC00572,22.4,72.4,65.4,0.86,NW,1021.2,1.22,10,3,3,Station_16,73.91,Person_572,3585260065.0,Leo,Blue,Cinema
REC00573,25.7,78.2,43.6,0.18,W,1009.3,0.18,13,3,2,Station_7,76.18,Person_573,3925882209.0,Scorpio,Green,Sports
REC00574,8.0,46.3,,5.46,N,1014.5,1.59,22,2,2,Station_4,80.22,Person_574,3919334047.0,Capricorn,Black,Reading
REC00575,25.1,77.2,,,W,1018.5,0.05,14,5,6,Station_8,86.44,Person_575,3485386715.0,Cancer,Orange,Gardening
REC00576,33.0,91.5,54.9,1.32,SW,1020.4,0.82,16,0,10,Station_18,76.85,Person_576,3740830430.0,Taurus,Yellow,Sports
REC00577,10.4,50.8,66.0,,SW,1008.3,0.67,10,4,10,Station_18,84.38,Person_577,3007182613.0,Aries,Purple,Photography
REC00578,20.3,68.5,59.1,0.08,N,1004.7,0.77,14,2,4,Station_10,66.13,Person_578,3141893368.0,Pisces,Blue,Reading
REC00579,24.0,75.2,78.4,11.82,N,1005.0,0.16,20,3,4,Station_1,74.17,Person_579,3881417360.0,Taurus,Orange,Gaming
REC00580,20.9,69.7,56.4,3.62,S,1011.9,0.33,15,6,6,Station_11,72.63,Person_580,3020819089.0,Leo,Green,Cinema
REC00581,,78.5,34.0,5.28,E,1019.1,0.05,11,1,9,Station_21,,Person_581,3748042152.0,Pisces,Gray,Gaming
REC00582,3.6,38.4,40.3,3.8,W,1018.5,0.7,16,0,8,Station_10,65.41,Person_582,3621220760.0,Gemini,Blue,Cinema
REC00583,27.0,80.5,90.1,4.37,E,1030.2,1.11,10,2,4,Station_13,111.21,Person_583,3852625690.0,Pisces,Red,Gaming
REC00584,30.5,86.9,53.1,4.81,S,1015.3,0.57,12,3,3,Station_7,64.25,Person_584,3260418492.0,Virgo,Orange,Gaming
REC00585,2.5,36.4,82.5,9.83,W,1014.8,2.54,15,0,6,Station_17,73.8,Person_585,3016215564.0,Libra,Black,Sports
REC00586,34.2,93.6,,6.28,SW,1021.1,0.67,1,3,12,Station_18,28.65,Person_586,3690965972.0,Sagittarius,Green,Sports
REC00587,15.2,59.3,78.9,0.34,E,1012.0,2.61,21,3,7,Station_10,102.05,Person_587,3106235876.0,Gemini,White,Cooking
REC00588,19.1,66.4,77.7,3.01,NE,1021.1,0.39,0,6,1,Station_21,95.75,Person_588,3703936241.0,Scorpio,Gray,Photography
REC00589,20.3,68.6,30.1,,NW,1018.1,1.07,1,1,10,Station_19,84.44,Person_589,3086698964.0,Virgo,Black,Music
REC00590,34.0,93.1,62.8,6.5,SE,1019.6,0.14,10,2,11,Station_11,,Person_590,3951166001.0,Scorpio,Red,Gardening
REC00591,19.1,66.5,44.9,,NE,1001.9,0.33,9,3,7,Station_9,89.61,Person_591,3907911857.0,Aries,Pink,Cinema
REC00592,21.7,71.1,68.5,1.77,NW,1017.9,0.27,16,3,4,Station_11,91.64,Person_592,3782634416.0,Sagittarius,Blue,Gaming
REC00593,29.8,85.7,53.9,1.3,W,1007.5,3.1,21,1,2,Station_9,68.41,Person_593,3368291957.0,Pisces,Orange,Photography
REC00594,23.2,73.8,20.9,1.81,N,1020.4,2.36,14,3,6,Station_20,55.94,Person_594,3856461502.0,Taurus,Pink,Travel
REC00595,19.4,67.0,57.2,,N,1004.9,0.2,22,2,5,Station_6,,Person_595,3779236607.0,Gemini,Black,Cooking
REC00596,23.3,74.0,30.3,3.09,W,1012.3,4.37,13,5,11,Station_19,55.06,Person_596,3035425385.0,Leo,Green,Sports
REC00597,23.2,73.8,47.3,,NE,1007.7,1.41,19,0,1,Station_8,39.32,Person_597,3350507946.0,Libra,Gray,Music
REC00598,19.6,67.3,60.0,8.09,E,1014.9,0.66,0,5,3,Station_5,63.52,Person_598,3285679470.0,Pisces,White,Music
REC00599,29.7,85.5,62.2,0.88,N,1017.8,3.85,7,0,10,Station_13,85.3,Person_599,3774356634.0,Aquarius,Red,Reading
REC00600,27.6,81.6,53.7,6.49,N,1023.2,1.83,1,2,4,Station_3,61.27,Person_600,3494989575.0,Aries,Green,Cooking
REC00601,,65.8,72.4,1.92,SW,1007.1,1.46,22,2,8,Station_7,,Person_601,3054861642.0,Cancer,Orange,Reading
REC00602,24.3,75.7,64.5,0.05,W,1010.7,0.3,15,6,5,Station_7,77.36,Person_602,3274331875.0,Libra,Gray,Gaming
REC00603,31.7,89.1,51.3,1.34,N,1023.9,0.42,14,5,3,Station_5,83.99,Person_603,3759285940.0,Scorpio,Black,Gardening
REC00604,7.0,44.6,81.6,7.99,S,1020.4,0.36,2,3,9,Station_10,,Person_604,3160523101.0,Leo,White,Cooking
REC00605,25.1,77.2,62.5,0.07,E,1026.4,1.42,14,3,2,Station_2,71.69,Person_605,3749914576.0,Capricorn,Orange,Reading
REC00606,16.5,61.7,44.6,,W,1022.7,0.28,9,3,3,Station_19,57.99,Person_606,3233693017.0,Cancer,White,Music
REC00607,25.1,77.2,38.9,1.15,E,1004.0,0.59,23,5,4,Station_3,60.94,Person_607,3841384459.0,Leo,Gray,Reading
REC00608,,84.5,71.4,4.8,N,1007.8,0.79,8,6,12,Station_9,76.87,Person_608,3510907338.0,Leo,Yellow,Hiking
REC00609,26.4,79.5,51.8,3.53,NW,1001.2,0.34,0,2,2,Station_21,62.97,Person_609,3480656368.0,Libra,Purple,Travel
REC00610,24.2,75.6,49.3,3.39,NE,1010.8,0.03,12,1,6,Station_1,74.41,Person_610,3009900200.0,Libra,Yellow,Cooking
REC00611,12.5,54.4,,5.88,N,1022.6,0.45,14,1,4,Station_24,81.34,Person_611,3387754182.0,Scorpio,Green,Sports
REC00612,31.2,88.1,70.6,,NW,1008.0,1.26,6,5,5,Station_23,71.32,Person_612,3699974083.0,Aries,White,Cinema
REC00613,12.1,53.8,,2.95,SW,1017.0,0.1,19,2,5,Station_5,106.76,Person_613,3287698902.0,Capricorn,Blue,Travel
REC00614,14.5,58.1,,1.75,NE,1004.8,0.75,22,1,1,Station_12,,Person_614,3202064573.0,Gemini,Yellow,Cinema
REC00615,14.9,58.9,67.7,,N,1019.2,2.0,11,4,2,Station_10,85.58,Person_615,3877074595.0,Capricorn,Pink,Gardening
REC00616,24.4,76.0,69.6,1.66,NW,1022.7,0.05,19,0,8,Station_17,98.34,Person_616,3209736164.0,Libra,Orange,Hiking
REC00617,23.9,75.1,82.9,3.37,SE,1006.1,0.5,10,1,1,Station_4,92.53,Person_617,3138852964.0,Aries,Black,Hiking
REC00618,12.9,55.2,42.5,4.4,NW,994.4,1.99,7,2,9,Station_1,52.73,Person_618,3347927127.0,Gemini,White,Gardening
REC00619,15.0,59.0,62.9,5.1,SE,1009.8,0.88,10,5,1,Station_10,72.78,Person_619,3436044415.0,Scorpio,Purple,Gardening
REC00620,37.1,98.7,75.9,1.72,NW,989.5,0.16,8,3,6,Station_2,98.13,Person_620,3435041155.0,Cancer,Yellow,Cooking
REC00621,29.0,84.2,51.1,,NE,1020.7,0.12,20,3,10,Station_22,84.82,Person_621,3639387592.0,Sagittarius,Green,Travel
REC00622,28.7,83.7,70.7,2.47,E,1021.0,0.04,20,5,8,Station_14,114.27,Person_622,3109960043.0,Scorpio,Green,Reading
REC00623,19.5,67.1,37.4,7.27,NW,1018.7,0.1,20,2,11,Station_23,45.19,Person_623,3316444714.0,Aries,Black,Photography
REC00624,,52.1,34.2,3.8,SE,1007.2,1.77,2,1,5,Station_24,67.04,Person_624,3238047211.0,Scorpio,Purple,Reading
REC00625,23.0,73.5,67.1,,SW,1020.4,0.66,13,0,3,Station_3,92.12,Person_625,3418457485.0,Libra,Green,Cooking
REC00626,24.1,75.4,48.1,0.32,NW,1003.5,0.49,16,5,7,Station_4,74.04,Person_626,3242753775.0,Gemini,Gray,Sports
REC00627,23.8,74.9,,3.03,E,999.6,0.97,15,1,3,Station_15,67.94,Person_627,3344679991.0,Aquarius,Green,Music
REC00628,15.1,59.2,50.6,0.37,NE,1012.7,0.62,18,2,2,Station_5,61.93,Person_628,3089396710.0,Libra,Red,Cinema
REC00629,30.6,87.1,84.9,0.56,SE,1002.0,0.19,17,1,6,Station_7,,Person_629,3085182184.0,Leo,Yellow,Cinema
REC00630,28.7,83.6,46.7,3.41,SE,1015.7,2.16,13,3,7,Station_4,63.41,Person_630,3023657405.0,Capricorn,Green,Cooking
REC00631,,67.8,,0.84,E,1021.1,0.19,15,2,10,Station_6,59.4,Person_631,3117066125.0,Pisces,Gray,Cinema
REC00632,36.1,96.9,,5.74,N,1011.6,1.23,10,2,4,Station_1,54.97,Person_632,3751645726.0,Virgo,Red,Music
REC00633,34.2,93.5,56.2,4.45,W,1013.1,2.04,14,5,12,Station_21,72.49,Person_633,3313547490.0,Capricorn,Purple,Reading
REC00634,,69.8,50.0,0.32,N,1003.8,2.2,14,3,8,Station_14,88.97,Person_634,3812021491.0,Sagittarius,Purple,Gardening
REC00635,26.0,78.8,,,S,992.6,1.45,5,3,9,Station_6,59.55,Person_635,3635521059.0,Libra,Orange,Music
REC00636,,85.3,67.2,4.07,SW,1008.7,0.02,21,0,11,Station_16,80.23,Person_636,3293110063.0,Sagittarius,Green,Photography
REC00637,26.4,79.5,65.0,5.42,N,1005.4,0.48,3,4,5,Station_20,,Person_637,3384615065.0,Aquarius,Blue,Sports
REC00638,31.0,87.9,55.7,2.7,S,1023.3,1.62,7,5,10,Station_7,80.05,Person_638,3130101868.0,Sagittarius,Blue,Photography
REC00639,28.2,82.8,63.4,0.07,NW,1020.9,0.17,23,0,9,Station_15,121.84,Person_639,3995678487.0,Aries,Red,Gardening
REC00640,9.8,49.6,62.3,0.42,NE,1003.8,1.65,12,2,12,Station_22,76.15,Person_640,3094315489.0,Capricorn,Orange,Gardening
REC00641,18.0,64.3,,0.53,S,1006.8,1.27,13,3,3,Station_12,90.11,Person_641,3863082095.0,Aquarius,Orange,Gardening
REC00642,0.0,32.0,,1.04,N,1026.5,0.17,15,0,6,Station_16,71.65,Person_642,3221260045.0,Pisces,Green,Cooking
REC00643,24.5,76.1,34.3,,SE,1004.8,0.23,14,6,3,Station_19,49.05,Person_643,3466499624.0,Aries,Red,Travel
REC00644,14.5,58.1,69.8,6.22,NW,1012.8,1.17,12,0,8,Station_13,87.01,Person_644,3246808602.0,Aries,Black,Reading
REC00645,31.3,88.3,70.3,2.09,E,1000.6,2.05,7,6,6,Station_21,76.45,Person_645,3285573752.0,Cancer,Orange,Photography
REC00646,12.1,53.7,,5.15,W,1014.1,0.83,13,5,6,Station_13,71.19,Person_646,3920568137.0,Capricorn,Gray,Sports
REC00647,32.4,90.3,58.0,2.65,E,1025.7,1.02,18,2,7,Station_13,81.14,Person_647,3392877840.0,Cancer,Yellow,Gaming
REC00648,25.1,77.1,61.9,0.67,SE,1027.8,1.3,19,0,2,Station_10,79.71,Person_648,3554731677.0,Libra,Pink,Gardening
REC00649,34.9,94.9,66.6,6.01,SE,1012.0,0.35,19,0,12,Station_17,91.43,Person_649,3637108450.0,Gemini,Black,Cinema
REC00650,17.6,63.7,74.4,11.99,NE,1017.5,0.88,6,2,11,Station_9,76.71,Person_650,3664199258.0,Taurus,Red,Travel
REC00651,20.4,68.6,54.4,0.71,NE,1023.4,0.27,22,5,3,Station_10,80.41,Person_651,3199550073.0,Cancer,Orange,Reading
REC00652,20.1,68.1,66.8,,NE,1001.9,0.56,13,3,5,Station_19,78.89,Person_652,3469314245.0,Scorpio,Red,Gaming
REC00653,21.6,71.0,67.1,0.98,NW,1012.9,0.34,22,5,1,Station_10,84.9,Person_653,3085829009.0,Pisces,Orange,Cooking
REC00654,,87.8,62.5,2.33,W,1009.6,0.43,18,2,6,Station_24,107.69,Person_654,3728423051.0,Sagittarius,Pink,Cinema
REC00655,21.1,69.9,41.3,9.02,W,1011.5,0.92,9,1,5,Station_12,47.72,Person_655,3090043165.0,Aries,Purple,Cinema
REC00656,21.5,70.6,61.5,6.38,N,1016.9,0.08,21,1,3,Station_12,72.86,Person_656,3684977485.0,Gemini,Orange,Reading
REC00657,11.4,52.6,70.7,4.77,SW,1009.4,1.54,0,0,11,Station_8,91.32,Person_657,3885354381.0,Gemini,Gray,Hiking
REC00658,21.0,69.8,80.5,0.25,E,1024.8,0.55,18,0,6,Station_24,,Person_658,3097882562.0,Capricorn,White,Sports
REC00659,28.7,83.6,68.9,1.69,NE,1022.0,1.83,11,1,1,Station_22,67.96,Person_659,3662857042.0,Cancer,Gray,Music
REC00660,34.3,93.8,41.0,,E,1003.9,0.68,9,5,8,Station_2,50.66,Person_660,3683001456.0,Pisces,Yellow,Travel
REC00661,26.4,79.6,34.8,2.27,NW,1015.2,0.87,22,5,7,Station_10,,Person_661,3173941863.0,Scorpio,Red,Reading
REC00662,29.3,84.8,64.6,2.82,S,1014.0,1.68,9,0,3,Station_17,80.73,Person_662,3580652017.0,Gemini,Purple,Travel
REC00663,28.1,82.6,45.5,1.51,E,1025.1,0.04,22,5,2,Station_23,72.42,Person_663,3213537569.0,Aries,Yellow,Cooking
REC00664,13.0,55.5,64.4,,SW,1016.4,0.16,17,1,9,Station_19,89.21,Person_664,3792384597.0,Cancer,Black,Sports
REC00665,,78.2,68.0,0.17,S,996.2,0.13,21,5,4,Station_19,103.39,Person_665,3208002167.0,Taurus,Gray,Travel
REC00666,19.0,66.1,50.3,0.22,S,1010.4,1.34,21,4,3,Station_1,57.03,Person_666,3494588143.0,Pisces,Orange,Music
REC00667,32.2,89.9,69.9,,SE,982.1,0.41,4,2,11,Station_11,104.37,Person_667,3851197382.0,Cancer,Green,Cinema
REC00668,20.1,68.2,48.8,1.86,NW,1006.0,0.17,5,0,12,Station_11,63.46,Person_668,3967253783.0,Virgo,Orange,Cinema
REC00669,27.3,81.1,73.3,6.26,N,1002.2,1.64,15,0,2,Station_8,,Person_669,3285109705.0,Scorpio,Black,Cinema
REC00670,,88.9,57.2,2.12,SW,1005.0,1.68,9,1,3,Station_10,44.38,Person_670,3328232565.0,Cancer,Pink,Gardening
REC00671,5.4,41.8,34.5,0.13,NW,1023.9,0.24,7,3,10,Station_21,52.16,Person_671,3305398522.0,Capricorn,Green,Hiking
REC00672,,81.7,68.2,3.08,NW,1018.6,0.28,22,6,3,Station_20,86.71,Person_672,3826088587.0,Virgo,Green,Hiking
REC00673,30.8,87.5,29.9,1.3,SW,1007.1,0.8,1,3,3,Station_19,63.85,Person_673,3330665118.0,Pisces,Orange,Hiking
REC00674,31.5,88.6,90.4,0.41,SW,1014.9,1.93,20,4,9,Station_15,117.13,Person_674,3796265402.0,Scorpio,Purple,Reading
REC00675,24.5,76.1,,2.34,NW,1011.3,1.44,3,5,4,Station_7,,Person_675,3286768863.0,Libra,Blue,Gaming
REC00676,28.3,82.9,24.9,7.44,SW,1012.1,0.04,5,3,10,Station_15,,Person_676,3824358595.0,Libra,Green,Gaming
REC00677,29.0,84.3,50.1,0.82,W,1006.7,0.51,14,1,5,Station_11,67.5,Person_677,3393433097.0,Taurus,Yellow,Hiking
REC00678,29.0,84.2,50.0,1.38,SW,1017.8,0.53,20,5,3,Station_3,74.13,Person_678,3274599753.0,Libra,Green,Music
REC00679,,74.5,68.4,1.08,NW,1016.4,0.03,22,4,4,Station_21,80.3,Person_679,3265298947.0,Aquarius,Gray,Cinema
REC00680,16.4,61.6,70.1,0.28,N,1006.8,0.08,1,3,8,Station_13,99.69,Person_680,3290170169.0,Virgo,White,Sports
REC00681,18.5,65.2,64.9,6.95,S,1010.7,0.7,21,3,11,Station_10,90.22,Person_681,3353911503.0,Leo,Green,Cinema
REC00682,30.6,87.1,54.4,,W,1013.2,0.82,19,0,2,Station_5,96.7,Person_682,3256791002.0,Virgo,Yellow,Music
REC00683,23.7,74.7,73.7,3.63,SE,1004.8,0.08,13,3,4,Station_7,105.1,Person_683,3099989518.0,Scorpio,Pink,Travel
REC00684,33.2,91.8,,3.54,S,1023.6,0.11,19,3,2,Station_21,49.87,Person_684,3183639930.0,Cancer,Pink,Music
REC00685,10.8,51.4,52.5,,W,1022.2,3.01,11,0,6,Station_23,74.35,Person_685,3063828879.0,Sagittarius,Gray,Music
REC00686,21.2,70.2,45.5,1.08,W,1012.7,0.36,4,5,9,Station_15,,Person_686,3921435027.0,Taurus,Red,Hiking
REC00687,21.2,70.1,88.6,0.65,SW,1012.9,1.22,16,6,12,Station_24,,Person_687,3145359291.0,Sagittarius,Pink,Photography
REC00688,,60.6,73.5,3.64,S,1008.9,0.88,21,1,11,Station_22,,Person_688,3892865157.0,Aries,Purple,Reading
REC00689,21.9,71.4,60.1,0.97,N,1018.0,0.29,6,6,8,Station_3,83.69,Person_689,3055054587.0,Leo,Orange,Cooking
REC00690,16.1,60.9,59.4,0.55,E,1003.2,0.04,21,4,8,Station_1,,Person_690,3794025192.0,Scorpio,White,Gaming
REC00691,27.2,81.0,69.6,2.9,NE,1010.8,0.56,8,5,6,Station_16,,Person_691,3298444588.0,Cancer,Black,Photography
REC00692,36.1,96.9,,2.38,NW,1013.0,0.39,9,2,4,Station_1,35.23,Person_692,3437934888.0,Scorpio,Gray,Hiking
REC00693,16.7,62.0,54.3,1.7,W,1019.9,1.45,11,1,8,Station_23,60.72,Person_693,3022198541.0,Leo,Yellow,Cooking
REC00694,30.7,87.3,44.7,,SW,1002.6,0.71,8,0,7,Station_17,71.19,Person_694,3759374119.0,Sagittarius,Gray,Photography
REC00695,26.4,79.4,,5.51,NE,1017.5,0.75,18,4,3,Station_5,60.94,Person_695,3148914318.0,Capricorn,White,Reading
REC00696,34.9,94.9,58.0,0.98,E,1012.9,0.48,5,4,9,Station_20,59.66,Person_696,3010458554.0,Libra,Blue,Cinema
REC00697,17.6,63.7,70.2,0.69,N,996.0,0.13,17,0,10,Station_11,84.82,Person_697,3790199227.0,Taurus,Red,Reading
REC00698,16.5,61.8,52.8,1.07,NE,1015.9,0.26,0,0,5,Station_24,81.6,Person_698,3867110233.0,Sagittarius,Pink,Cooking
REC00699,24.3,75.8,66.6,1.42,N,1019.0,0.41,19,1,3,Station_4,89.94,Person_699,3383988986.0,Sagittarius,Pink,Music
REC00700,28.0,82.4,69.9,5.91,N,1022.8,0.09,17,2,4,Station_2,73.59,Person_700,3698618884.0,Cancer,Purple,Gaming
REC00701,23.8,74.9,70.1,7.18,NW,1014.4,0.02,23,0,8,Station_8,60.12,Person_701,3281941880.0,Aries,White,Photography
REC00702,21.0,69.9,78.9,0.09,SW,1003.8,0.22,7,6,6,Station_22,102.65,Person_702,3605868130.0,Taurus,White,Photography
REC00703,,68.4,56.0,0.98,NE,1014.6,1.28,9,2,1,Station_22,53.01,Person_703,3650378181.0,Scorpio,Purple,Travel
REC00704,25.7,78.3,42.7,2.09,W,1006.6,0.08,18,1,9,Station_12,69.29,Person_704,3603060490.0,Capricorn,Purple,Photography
REC00705,19.1,66.3,,,E,1013.4,0.73,17,6,5,Station_21,72.55,Person_705,3667526710.0,Capricorn,Purple,Music
REC00706,23.2,73.7,51.5,1.1,SE,1005.9,0.26,5,6,1,Station_16,67.14,Person_706,3472799165.0,Aquarius,Green,Reading
REC00707,27.8,82.0,24.4,0.01,SE,1027.5,0.42,15,4,12,Station_11,54.67,Person_707,3682335228.0,Aries,Gray,Cooking
REC00708,23.8,74.9,61.0,1.78,NE,1025.0,0.42,4,5,5,Station_13,73.99,Person_708,3013681722.0,Libra,Blue,Hiking
REC00709,37.6,99.6,54.3,1.84,S,1009.7,1.35,14,0,11,Station_22,,Person_709,3986572033.0,Virgo,Blue,Cinema
REC00710,,72.9,73.9,2.32,SE,1017.2,3.56,15,3,7,Station_16,70.04,Person_710,3190936124.0,Leo,Gray,Cinema
REC00711,24.0,75.3,59.2,0.26,E,997.7,4.81,15,1,5,Station_9,79.02,Person_711,3317787398.0,Sagittarius,Yellow,Cinema
REC00712,21.1,70.0,33.7,0.37,W,1014.5,0.06,15,2,12,Station_19,43.13,Person_712,3114309004.0,Cancer,Black,Travel
REC00713,23.1,73.5,70.2,0.05,N,1003.0,3.38,2,5,1,Station_1,67.19,Person_713,3587968794.0,Gemini,Purple,Cinema
REC00714,24.8,76.7,61.1,3.59,S,1012.5,0.32,1,6,2,Station_5,52.75,Person_714,3000472529.0,Taurus,Yellow,Cinema
REC00715,,67.3,43.6,3.18,N,1017.0,0.05,0,3,10,Station_1,67.45,Person_715,3521627376.0,Leo,White,Music
REC00716,14.5,58.0,49.3,13.02,S,1009.7,0.12,10,4,9,Station_11,-20.0,Person_716,3764360957.0,Cancer,Pink,Photography
REC00717,16.8,62.2,57.8,2.79,NE,1002.3,0.81,6,1,8,Station_3,68.61,Person_717,3466914148.0,Pisces,Green,Sports
REC00718,,65.9,41.0,5.59,W,1022.4,0.22,7,6,6,Station_19,63.42,Person_718,3060891644.0,Gemini,White,Hiking
REC00719,16.0,60.9,57.4,2.96,N,1010.7,1.41,16,0,11,Station_7,65.99,Person_719,3554802989.0,Aries,White,Gaming
REC00720,17.2,63.0,55.7,4.27,N,1023.6,0.62,18,4,2,Station_2,70.77,Person_720,3213204187.0,Capricorn,Blue,Cinema
REC00721,25.4,77.8,46.0,0.43,N,1026.0,0.05,16,2,1,Station_15,64.04,Person_721,3081822013.0,Virgo,Yellow,Travel
REC00722,,91.4,82.7,4.27,S,1023.7,0.04,6,5,1,Station_22,90.06,Person_722,3372736675.0,Aquarius,Gray,Cinema
REC00723,13.3,56.0,36.1,3.36,NE,1011.3,2.81,1,0,5,Station_15,81.57,Person_723,3281939054.0,Gemini,Pink,Travel
REC00724,23.7,74.7,,6.81,SE,1000.4,2.98,7,2,6,Station_17,95.7,Person_724,3585813308.0,Aquarius,Red,Travel
REC00725,23.1,73.6,60.2,1.16,E,1024.2,1.34,9,3,8,Station_16,72.13,Person_725,3253708636.0,Gemini,Orange,Gaming
REC00726,22.3,72.1,65.0,3.99,W,1024.2,6.01,9,0,9,Station_9,88.55,Person_726,3022264721.0,Aquarius,Blue,Reading
REC00727,32.2,89.9,64.8,2.32,S,1016.1,0.56,4,1,11,Station_20,,Person_727,3099497895.0,Sagittarius,Black,Gaming
REC00728,26.3,79.3,29.0,1.05,SE,1025.1,1.0,6,0,3,Station_3,68.02,Person_728,3281359847.0,Taurus,Blue,Cooking
REC00729,18.5,65.3,,1.65,N,1005.3,0.38,5,0,7,Station_18,73.03,Person_729,3476387175.0,Aries,White,Hiking
REC00730,,66.0,54.7,2.96,S,1013.5,0.01,11,0,8,Station_21,64.85,Person_730,3611795838.0,Gemini,Orange,Hiking
REC00731,11.6,52.9,56.1,1.94,W,1007.1,0.13,6,3,6,Station_5,99.78,Person_731,3060610420.0,Sagittarius,Green,Sports
REC00732,,54.7,64.8,5.01,NW,1007.7,1.28,7,0,1,Station_24,100.79,Person_732,3896726677.0,Capricorn,Red,Hiking
REC00733,19.5,67.1,82.6,1.04,NE,1031.6,0.39,13,2,3,Station_14,92.84,Person_733,3477243689.0,Aquarius,Purple,Gaming
REC00734,13.0,55.4,57.5,6.63,SW,1016.3,1.47,1,4,10,Station_16,88.64,Person_734,3918368476.0,Cancer,Gray,Music
REC00735,23.6,74.4,72.4,2.37,SW,1023.2,0.37,19,3,6,Station_21,91.69,Person_735,3354719445.0,Pisces,Green,Music
REC00736,,80.9,48.5,2.17,E,1008.6,1.88,21,3,10,Station_8,73.55,Person_736,3363651822.0,Libra,Yellow,Travel
REC00737,16.8,62.2,80.9,3.07,NE,1013.1,0.74,7,3,2,Station_17,93.46,Person_737,3095597425.0,Gemini,Black,Cinema
REC00738,3.2,37.8,70.1,1.45,NW,1014.8,2.04,20,4,1,Station_10,,Person_738,3538214907.0,Gemini,White,Reading
REC00739,19.2,66.5,62.6,2.25,NE,1015.8,1.14,5,1,6,Station_4,93.08,Person_739,3393510916.0,Libra,White,Music
REC00740,24.9,76.8,57.2,2.49,SE,1010.1,0.93,6,5,3,Station_16,100.66,Person_740,3710484589.0,Gemini,Yellow,Cooking
REC00741,25.7,78.2,50.9,0.5,NE,1006.6,0.32,22,3,6,Station_3,46.44,Person_741,3099628598.0,Scorpio,White,Travel
REC00742,12.9,55.3,64.3,2.41,SW,1015.7,0.58,19,0,4,Station_15,86.23,Person_742,3891574086.0,Sagittarius,Gray,Hiking
REC00743,22.5,72.5,77.1,0.03,S,1005.9,0.59,20,0,8,Station_6,80.4,Person_743,3411826893.0,Aquarius,Black,Cinema
REC00744,20.3,68.6,,1.02,E,1014.7,1.02,8,6,11,Station_24,83.99,Person_744,3369151285.0,Aries,Gray,Hiking
REC00745,9.8,49.6,46.8,8.36,SW,1032.1,2.66,23,2,6,Station_17,,Person_745,3577150013.0,Aquarius,Black,Cooking
REC00746,25.9,78.7,74.8,0.71,E,1011.1,0.98,10,4,9,Station_17,87.08,Person_746,3114492704.0,Aries,Gray,Travel
REC00747,22.8,73.0,23.7,0.14,S,1002.1,1.33,7,3,8,Station_1,73.04,Person_747,3619299966.0,Virgo,Pink,Gaming
REC00748,40.7,105.2,75.8,10.51,N,1017.0,0.63,2,3,10,Station_17,,Person_748,3030656106.0,Aries,Pink,Reading
REC00749,11.7,53.0,67.2,1.55,NE,1015.4,1.15,6,3,5,Station_3,95.08,Person_749,3346503345.0,Leo,Blue,Music
REC00750,15.7,60.2,61.4,8.67,S,1016.5,0.46,1,3,7,Station_11,95.76,Person_750,3015645962.0,Sagittarius,Pink,Gaming
REC00751,20.2,68.4,82.7,0.94,N,1012.1,0.56,22,6,11,Station_20,126.31,Person_751,3273384273.0,Scorpio,Purple,Hiking
REC00752,19.8,67.6,49.0,3.4,SW,1024.0,1.08,14,1,1,Station_12,,Person_752,3754857320.0,Pisces,Yellow,Reading
REC00753,14.3,57.7,34.2,3.89,N,1008.8,0.2,5,5,2,Station_22,29.5,Person_753,3732437995.0,Cancer,Black,Cinema
REC00754,26.4,79.4,57.9,0.86,SW,1011.9,1.0,21,6,9,Station_2,,Person_754,3210831162.0,Leo,Green,Music
REC00755,22.1,71.7,67.4,2.09,SW,1002.3,0.07,1,5,1,Station_17,800.0,Person_755,3497010235.0,Pisces,Black,Cinema
REC00756,29.4,84.8,72.1,0.28,S,1015.2,0.93,19,4,5,Station_8,82.01,Person_756,3957206535.0,Cancer,Orange,Hiking
REC00757,33.8,92.9,46.2,1.73,N,1010.6,2.1,8,2,8,Station_8,83.38,Person_757,3120393766.0,Aquarius,Green,Gardening
REC00758,18.1,64.7,16.9,0.38,SE,1019.5,1.0,14,5,10,Station_10,29.14,Person_758,3807043449.0,Libra,Blue,Sports
REC00759,35.4,95.7,55.7,,SW,1012.6,0.35,1,4,11,Station_21,110.34,Person_759,3853085662.0,Gemini,White,Music
REC00760,,78.1,58.7,1.21,W,1016.9,1.19,20,5,4,Station_9,64.8,Person_760,3683666087.0,Capricorn,Orange,Hiking
REC00761,26.6,79.8,71.1,5.47,NE,1020.2,3.83,9,4,6,Station_22,77.75,Person_761,3503581276.0,Aquarius,Blue,Music
REC00762,23.7,74.7,54.6,2.99,NE,1022.5,1.38,7,1,8,Station_9,57.31,Person_762,3282154942.0,Taurus,Orange,Music
REC00763,29.1,84.4,28.9,7.95,SE,1029.4,0.67,19,2,8,Station_6,72.64,Person_763,3106101398.0,Cancer,Green,Gardening
REC00764,23.7,74.7,,0.95,NW,1014.6,0.1,18,1,3,Station_15,66.41,Person_764,3622447793.0,Libra,Black,Sports
REC00765,26.9,80.5,58.2,,W,1011.3,0.63,23,0,11,Station_11,88.0,Person_765,3019151838.0,Sagittarius,Pink,Reading
REC00766,25.2,77.3,82.8,5.46,NE,1014.5,0.18,22,2,12,Station_24,104.5,Person_766,3273003633.0,Virgo,Orange,Music
REC00767,32.1,89.8,,0.34,E,1020.3,1.27,9,2,4,Station_16,55.13,Person_767,3390120217.0,Sagittarius,Yellow,Hiking
REC00768,30.7,87.3,84.7,,SW,1016.9,0.41,7,6,10,Station_18,112.45,Person_768,3779296563.0,Libra,Green,Cinema
REC00769,32.0,89.5,35.3,2.16,SE,1001.2,1.47,9,6,5,Station_14,,Person_769,3330371805.0,Aquarius,Green,Cooking
REC00770,36.3,97.3,56.1,7.62,S,1024.8,1.98,11,4,3,Station_5,,Person_770,3917567859.0,Virgo,Gray,Music
REC00771,17.6,63.7,70.2,0.81,S,1012.2,0.82,18,3,6,Station_17,82.01,Person_771,3942466321.0,Gemini,Black,Travel
REC00772,27.0,80.6,54.4,6.44,NW,1012.2,0.04,10,5,5,Station_3,50.11,Person_772,3741742118.0,Gemini,Green,Gaming
REC00773,8.2,46.7,43.3,11.02,SE,1016.2,0.7,4,1,2,Station_19,,Person_773,3394253708.0,Aries,Red,Music
REC00774,16.7,62.1,69.9,0.67,S,1002.8,0.62,16,5,3,Station_8,,Person_774,3042875593.0,Aquarius,Gray,Travel
REC00775,25.0,76.9,62.6,0.73,NW,1013.0,0.1,11,4,5,Station_14,81.59,Person_775,3909131039.0,Aries,Orange,Sports
REC00776,12.4,54.4,66.8,0.28,SE,1005.0,0.73,11,1,11,Station_14,,Person_776,3287229062.0,Virgo,Green,Gaming
REC00777,31.3,88.3,,1.23,W,1013.8,0.75,5,3,3,Station_3,74.39,Person_777,3902289701.0,Virgo,Green,Reading
REC00778,24.5,76.2,64.2,6.66,SW,1015.6,0.43,16,0,9,Station_14,69.25,Person_778,3480706269.0,Virgo,Purple,Travel
REC00779,20.6,69.1,96.2,5.64,NE,1012.5,2.23,1,1,3,Station_5,111.44,Person_779,3050445329.0,Leo,Pink,Cooking
REC00780,17.9,64.2,40.9,3.4,SE,1011.1,1.41,19,5,6,Station_17,72.95,Person_780,3164705363.0,Aquarius,Red,Cooking
REC00781,22.8,73.0,76.1,1.65,NW,1005.9,0.55,21,0,11,Station_13,74.23,Person_781,3223662325.0,Gemini,Blue,Cinema
REC00782,20.5,68.9,,2.6,NE,1024.2,0.43,0,0,6,Station_9,97.88,Person_782,3238130925.0,Sagittarius,Red,Gaming
REC00783,23.7,74.7,14.2,3.01,NE,998.2,0.72,7,5,3,Station_20,,Person_783,3997015248.0,Aries,White,Sports
REC00784,14.7,58.4,67.9,0.06,NE,1007.0,1.44,22,0,3,Station_24,94.82,Person_784,3896734065.0,Libra,Black,Photography
REC00785,6.3,43.3,,1.74,W,1012.0,1.88,14,0,10,Station_22,86.86,Person_785,3071736543.0,Gemini,Yellow,Music
REC00786,,56.4,48.1,2.29,W,1019.7,0.49,11,6,5,Station_15,70.7,Person_786,3376438095.0,Leo,White,Music
REC00787,30.1,86.2,56.8,,NE,1013.8,1.73,11,1,3,Station_21,66.96,Person_787,3172376470.0,Sagittarius,Yellow,Gaming
REC00788,25.3,77.5,58.8,7.95,S,1015.3,1.24,10,5,8,Station_20,,Person_788,3616940407.0,Aries,Black,Travel
REC00789,31.4,88.4,51.7,0.65,NE,1013.9,1.15,0,5,10,Station_11,66.01,Person_789,3364198343.0,Taurus,Purple,Sports
REC00790,17.7,63.8,52.9,4.02,NE,1008.9,0.7,22,2,7,Station_9,71.01,Person_790,3359505154.0,Aquarius,White,Travel
REC00791,32.7,90.8,68.1,4.07,N,1013.3,2.56,13,6,12,Station_3,60.41,Person_791,3411363720.0,Pisces,Red,Gaming
REC00792,,66.5,55.8,5.07,NW,1014.9,0.3,22,2,5,Station_19,77.16,Person_792,3872257377.0,Capricorn,Gray,Hiking
REC00793,22.6,72.6,,,W,1005.3,2.31,8,6,1,Station_19,66.96,Person_793,3516677019.0,Sagittarius,Gray,Sports
REC00794,25.6,78.1,65.5,1.0,NE,1010.7,0.95,23,0,4,Station_9,117.22,Person_794,3580497142.0,Taurus,White,Travel
REC00795,36.2,97.1,,0.45,SE,1020.1,0.38,19,1,3,Station_7,81.92,Person_795,3453917692.0,Libra,Red,Photography
REC00796,30.1,86.2,72.2,0.19,NW,1021.5,0.26,19,5,2,Station_20,95.17,Person_796,3214054780.0,Capricorn,Green,Sports
REC00797,24.7,76.4,76.6,,W,1011.9,0.36,22,6,4,Station_16,84.02,Person_797,3461630959.0,Aries,Orange,Cinema
REC00798,18.4,65.1,61.5,8.78,W,1007.0,0.45,23,0,5,Station_14,88.44,Person_798,3961193604.0,Cancer,Red,Sports
REC00799,11.6,52.8,49.2,6.24,N,1007.3,1.09,18,6,1,Station_4,68.65,Person_799,3727760251.0,Pisces,Purple,Reading
REC00800,12.7,54.9,53.0,1.3,SW,1007.1,1.28,21,1,6,Station_23,84.83,Person_800,3973760255.0,Virgo,White,Music
REC00801,7.7,45.8,50.9,0.75,E,1014.6,0.88,20,6,2,Station_3,,Person_801,3108451477.0,Aries,Purple,Photography
REC00802,14.9,58.8,64.5,8.09,NE,1026.0,0.65,2,1,5,Station_17,58.72,Person_802,3265713123.0,Leo,Red,Cinema
REC00803,30.3,86.6,75.9,13.67,NE,1017.1,0.06,23,1,11,Station_2,,Person_803,3170961744.0,Taurus,Black,Cooking
REC00804,22.8,73.0,73.4,2.29,N,1018.2,2.11,12,3,7,Station_13,74.25,Person_804,3730271632.0,Leo,Black,Music
REC00805,,50.5,46.0,0.53,W,996.1,0.37,21,3,12,Station_5,66.2,Person_805,3879443541.0,Leo,Green,Travel
REC00806,25.1,77.2,30.4,0.27,NE,1019.5,0.66,4,5,11,Station_16,,Person_806,3309354468.0,Leo,Yellow,Gaming
REC00807,21.4,70.4,49.5,1.24,NW,1012.7,0.69,16,1,4,Station_13,63.79,Person_807,3050949466.0,Gemini,Purple,Sports
REC00808,36.1,96.9,61.3,3.96,E,1019.1,0.11,5,2,12,Station_22,53.92,Person_808,3685366966.0,Aquarius,Purple,Music
REC00809,,75.0,67.0,1.31,SE,1022.2,0.59,15,1,4,Station_1,60.91,Person_809,3847656920.0,Virgo,White,Photography
REC00810,17.7,63.9,50.4,4.37,SE,1017.6,0.15,3,2,6,Station_15,50.39,Person_810,3662312697.0,Libra,Blue,Gaming
REC00811,14.8,58.7,57.5,7.05,N,1011.6,1.42,20,5,4,Station_12,67.74,Person_811,3171504055.0,Scorpio,Blue,Cooking
REC00812,17.9,64.2,41.0,0.0,E,1014.5,0.13,23,0,4,Station_11,48.47,Person_812,3624336724.0,Taurus,Purple,Travel
REC00813,23.8,74.8,78.6,1.41,NE,1014.9,1.11,21,1,3,Station_19,108.23,Person_813,3691008741.0,Leo,Yellow,Gaming
REC00814,18.5,65.3,76.3,3.96,N,1006.3,0.29,6,6,8,Station_7,87.46,Person_814,3360760323.0,Aquarius,Gray,Hiking
REC00815,20.2,68.4,42.3,1.51,N,1019.9,2.1,1,3,8,Station_7,50.95,Person_815,3185265754.0,Virgo,Green,Cinema
REC00816,18.2,64.7,73.2,4.36,N,1002.1,0.83,6,1,4,Station_2,75.74,Person_816,3759056346.0,Aquarius,Black,Sports
REC00817,8.1,46.5,51.5,3.92,SW,1021.3,0.19,8,3,4,Station_8,60.51,Person_817,3567714690.0,Libra,Purple,Reading
REC00818,32.7,90.8,50.7,1.18,N,1013.7,0.19,10,5,10,Station_9,78.13,Person_818,3311479164.0,Cancer,White,Reading
REC00819,21.8,71.2,47.9,1.11,SW,1025.7,0.03,15,5,8,Station_18,77.74,Person_819,3174574701.0,Taurus,Yellow,Cinema
REC00820,,89.2,53.3,1.96,SW,1024.5,1.05,23,1,10,Station_16,,Person_820,3830111976.0,Taurus,Red,Music
REC00821,18.0,64.4,61.8,10.34,S,1012.3,1.16,14,0,6,Station_9,55.75,Person_821,3216368204.0,Sagittarius,Yellow,Reading
REC00822,19.5,67.1,72.2,0.31,NW,1008.7,2.22,8,5,7,Station_10,,Person_822,3216992062.0,Gemini,Red,Cinema
REC00823,29.1,84.4,40.1,2.19,S,1015.5,1.94,3,0,1,Station_6,61.4,Person_823,3493804090.0,Capricorn,Pink,Gardening
REC00824,23.6,74.4,50.4,1.27,SE,1014.1,3.57,6,3,9,Station_16,68.37,Person_824,3500683211.0,Pisces,Blue,Photography
REC00825,32.2,89.9,66.7,0.32,NE,1018.3,1.97,8,5,12,Station_14,82.4,Person_825,3846153561.0,Taurus,Gray,Music
REC00826,18.0,64.4,44.3,1.04,W,1005.5,1.77,4,4,11,Station_4,,Person_826,3878284529.0,Cancer,Green,Gaming
REC00827,12.2,54.0,85.9,3.54,NW,1013.0,1.62,7,0,10,Station_10,108.79,Person_827,3394818792.0,Aries,Blue,Sports
REC00828,32.9,91.3,77.8,1.51,NE,1008.1,2.19,9,4,2,Station_14,102.54,Person_828,3516062319.0,Cancer,Gray,Cooking
REC00829,27.2,80.9,69.8,1.73,NW,1019.8,0.06,22,2,10,Station_15,116.54,Person_829,3419746944.0,Aquarius,Blue,Hiking
REC00830,,67.4,52.1,1.26,SW,1005.5,3.6,10,3,7,Station_6,,Person_830,3461316445.0,Pisces,Black,Gardening
REC00831,11.6,52.9,56.1,,N,998.0,0.49,1,2,1,Station_1,68.76,Person_831,3280840420.0,Aquarius,White,Reading
REC00832,22.0,71.7,37.5,0.52,SE,1005.4,0.03,10,4,2,Station_7,,Person_832,3483696299.0,Leo,Purple,Photography
REC00833,27.4,81.4,72.4,9.55,SE,1006.0,2.52,21,4,8,Station_17,94.13,Person_833,3387383787.0,Taurus,Red,Photography
REC00834,22.4,72.3,56.9,6.92,E,996.2,1.19,2,2,10,Station_7,44.14,Person_834,3297105277.0,Aries,Orange,Sports
REC00835,26.1,79.1,64.7,2.07,NW,1014.4,0.76,7,3,1,Station_1,65.07,Person_835,3278556997.0,Libra,Red,Photography
REC00836,32.8,91.1,78.7,0.31,SE,1016.5,1.45,15,4,1,Station_22,92.5,Person_836,3271426055.0,Capricorn,Gray,Cooking
REC00837,23.6,74.4,45.5,1.56,N,1004.3,0.1,20,3,1,Station_21,65.56,Person_837,3608135349.0,Scorpio,Orange,Gaming
REC00838,17.0,62.7,34.1,1.61,SE,1019.6,1.31,17,3,1,Station_8,57.38,Person_838,3069842434.0,Pisces,Orange,Gardening
REC00839,25.2,77.3,67.8,,SE,1015.5,0.38,2,4,11,Station_1,70.92,Person_839,3068155994.0,Pisces,Pink,Reading
REC00840,23.4,74.2,,2.16,S,1023.7,0.83,17,5,12,Station_2,70.98,Person_840,3855398300.0,Aries,White,Gaming
REC00841,23.2,73.8,,0.77,NE,1020.7,1.17,18,6,7,Station_11,73.96,Person_841,3030187486.0,Leo,Green,Cooking
REC00842,26.6,79.9,52.4,,E,1000.6,0.99,21,6,4,Station_11,73.13,Person_842,3213415579.0,Pisces,Blue,Hiking
REC00843,20.2,68.4,76.2,1.97,NE,1020.2,0.26,0,5,11,Station_5,77.05,Person_843,3880712650.0,Pisces,Gray,Sports
REC00844,23.2,73.8,81.0,6.58,NE,1003.1,0.95,11,6,8,Station_24,84.15,Person_844,3367169427.0,Libra,Blue,Photography
REC00845,22.9,73.3,,,SW,1017.7,0.24,16,6,5,Station_7,90.67,Person_845,3120654345.0,Aquarius,Pink,Hiking
REC00846,18.7,65.7,,3.96,NE,1017.9,0.7,8,0,3,Station_11,84.2,Person_846,3463570136.0,Sagittarius,Blue,Music
REC00847,19.1,66.4,41.6,1.05,N,1002.2,2.88,5,6,5,Station_21,49.47,Person_847,3124280201.0,Pisces,White,Photography
REC00848,32.0,89.6,73.5,,SW,1015.1,0.44,20,2,7,Station_12,93.15,Person_848,3462314350.0,Capricorn,Black,Gaming
REC00849,28.9,84.0,33.7,3.64,S,1026.5,0.88,14,6,6,Station_3,58.78,Person_849,3788108546.0,Sagittarius,Green,Cooking
REC00850,31.4,88.5,45.5,0.84,S,1011.8,2.63,12,6,10,Station_3,61.11,Person_850,3801390098.0,Scorpio,Gray,Hiking
REC00851,0.0,32.0,62.2,0.65,NE,1003.2,2.24,14,5,11,Station_15,91.96,Person_851,3509563726.0,Leo,Pink,Music
REC00852,27.9,82.3,40.5,15.35,SW,1014.1,0.32,8,6,8,Station_14,71.35,Person_852,3969282422.0,Sagittarius,Orange,Cinema
REC00853,12.6,54.7,,0.07,E,1002.8,2.35,10,2,5,Station_1,82.27,Person_853,3124022864.0,Sagittarius,Yellow,Photography
REC00854,,67.3,73.6,5.16,SW,1014.4,1.85,3,1,3,Station_9,78.74,Person_854,3427289679.0,Libra,Yellow,Gaming
REC00855,19.9,67.9,76.1,1.94,W,1009.6,0.35,17,3,7,Station_20,,Person_855,3405366436.0,Libra,Yellow,Gaming
REC00856,17.4,63.3,42.0,0.18,S,1012.8,1.84,9,6,2,Station_4,,Person_856,3326093237.0,Scorpio,Pink,Reading
REC00857,12.6,54.7,38.6,1.47,NE,1001.1,1.24,14,1,12,Station_2,75.11,Person_857,3219699822.0,Aquarius,Gray,Music
REC00858,22.4,72.3,,0.05,NW,1000.9,3.41,22,1,5,Station_3,120.09,Person_858,3391585368.0,Cancer,White,Travel
REC00859,20.0,68.0,57.8,,NE,1021.4,0.8,19,3,3,Station_2,89.25,Person_859,3628542967.0,Scorpio,Orange,Photography
REC00860,22.3,72.2,72.2,0.4,W,1015.8,1.11,21,0,2,Station_22,88.56,Person_860,3929964639.0,Aquarius,Pink,Travel
REC00861,20.3,68.6,,,E,1018.4,0.54,5,4,2,Station_20,84.33,Person_861,3202849418.0,Capricorn,Blue,Gaming
REC00862,12.0,53.6,70.8,0.68,NW,1012.5,0.5,16,1,1,Station_13,78.49,Person_862,3403955862.0,Aquarius,Blue,Gardening
REC00863,25.4,77.7,19.9,2.75,SE,1006.2,1.78,7,1,1,Station_20,40.77,Person_863,3832516759.0,Aquarius,White,Music
REC00864,26.7,80.1,,2.31,SE,1016.3,0.46,14,6,4,Station_10,70.8,Person_864,3756865116.0,Capricorn,Yellow,Gardening
REC00865,18.9,66.0,65.2,0.38,W,1019.2,0.52,22,5,4,Station_5,86.75,Person_865,3822086743.0,Aquarius,Orange,Sports
REC00866,21.6,71.0,80.5,,S,1013.5,1.68,9,6,12,Station_22,118.63,Person_866,3672933477.0,Scorpio,Yellow,Reading
REC00867,26.3,79.3,31.7,3.61,N,998.1,0.03,8,2,8,Station_7,21.3,Person_867,3710800702.0,Pisces,Purple,Gardening
REC00868,17.6,63.7,54.8,3.2,NW,1023.7,0.81,19,6,4,Station_1,72.66,Person_868,3331651251.0,Taurus,Gray,Photography
REC00869,,54.0,,1.24,NE,997.3,0.84,15,6,11,Station_9,,Person_869,3988279278.0,Virgo,Green,Music
REC00870,26.3,79.3,49.9,0.03,N,1005.8,0.94,6,1,10,Station_13,,Person_870,3594271533.0,Pisces,Green,Music
REC00871,29.0,84.1,44.5,9.87,N,1015.8,2.76,6,6,11,Station_4,58.77,Person_871,3681012560.0,Cancer,Yellow,Photography
REC00872,19.1,66.5,76.0,2.32,E,1026.4,0.66,12,3,3,Station_17,74.19,Person_872,3848170238.0,Libra,Orange,Photography
REC00873,6.8,44.2,65.6,6.42,N,1021.4,0.39,23,3,1,Station_2,,Person_873,3156430215.0,Leo,Green,Gardening
REC00874,,87.7,59.0,1.25,W,1005.8,2.33,15,6,8,Station_18,,Person_874,3742003600.0,Virgo,White,Travel
REC00875,23.5,74.3,73.8,0.34,S,1014.7,0.76,16,4,3,Station_4,98.86,Person_875,3366668912.0,Leo,Pink,Sports
REC00876,28.9,84.0,75.0,7.49,N,998.0,2.22,8,0,11,Station_24,100.39,Person_876,3216924333.0,Taurus,Orange,Music
REC00877,16.0,60.8,50.3,1.86,SW,1017.4,0.87,19,4,5,Station_21,70.52,Person_877,3395616174.0,Sagittarius,Black,Reading
REC00878,31.9,89.4,67.6,5.77,NW,1008.1,1.01,0,4,10,Station_2,71.2,Person_878,3397808222.0,Libra,Purple,Sports
REC00879,26.2,79.2,65.8,8.49,SW,1004.7,0.06,0,4,4,Station_13,75.04,Person_879,3456200726.0,Aquarius,Pink,Gaming
REC00880,22.8,73.1,44.1,3.01,N,1003.8,1.61,0,1,7,Station_24,,Person_880,3711305334.0,Aries,White,Cooking
REC00881,,54.3,59.6,2.75,E,1013.0,0.08,6,5,1,Station_23,59.86,Person_881,3549968437.0,Scorpio,Gray,Reading
REC00882,23.5,74.4,51.6,4.4,E,1020.2,1.55,22,1,5,Station_12,,Person_882,3036147040.0,Sagittarius,Yellow,Gardening
REC00883,,86.7,53.8,2.34,SW,1011.3,0.5,6,6,4,Station_6,93.89,Person_883,3050848601.0,Sagittarius,Blue,Gaming
REC00884,25.4,77.7,31.1,0.06,E,1022.7,0.07,16,2,12,Station_4,65.07,Person_884,3350926056.0,Aquarius,Orange,Hiking
REC00885,,86.8,49.4,10.63,S,1009.2,0.04,0,6,12,Station_7,80.94,Person_885,3002538188.0,Scorpio,Red,Music
REC00886,19.6,67.2,78.9,,E,1023.5,0.17,9,5,6,Station_19,78.79,Person_886,3717207550.0,Taurus,Yellow,Cooking
REC00887,29.7,85.5,51.3,0.78,NE,1018.2,0.77,4,0,7,Station_6,,Person_887,3403138409.0,Pisces,Pink,Photography
REC00888,,62.1,66.7,3.63,SW,1009.1,1.64,12,0,8,Station_11,,Person_888,3113812400.0,Aries,White,Sports
REC00889,16.6,61.9,69.3,6.58,SE,1008.5,0.08,2,6,5,Station_18,104.87,Person_889,3215619472.0,Aries,Orange,Cinema
REC00890,19.9,67.9,,1.1,S,1018.6,0.74,11,0,1,Station_18,98.61,Person_890,3162206021.0,Aquarius,Gray,Cinema
REC00891,15.7,60.3,69.9,1.55,W,994.0,0.48,9,2,5,Station_5,67.94,Person_891,3310914487.0,Virgo,Green,Cinema
REC00892,16.1,61.1,55.5,,N,1012.1,0.41,10,1,4,Station_3,77.76,Person_892,3438159290.0,Scorpio,Red,Reading
REC00893,9.5,49.0,42.2,1.18,S,1026.4,1.24,10,5,1,Station_1,72.42,Person_893,3197700644.0,Scorpio,Yellow,Travel
REC00894,32.4,90.3,,3.34,S,1005.7,0.57,16,4,6,Station_1,93.93,Person_894,3455464938.0,Gemini,Orange,Music
REC00895,24.7,76.4,52.1,0.44,N,997.6,1.13,11,2,12,Station_1,92.39,Person_895,3620798117.0,Gemini,Pink,Reading
REC00896,27.2,80.9,74.6,5.86,NW,1016.1,0.57,9,1,11,Station_14,113.75,Person_896,3324584255.0,Pisces,Blue,Gaming
REC00897,25.2,77.3,40.1,1.18,W,1011.6,2.07,22,0,7,Station_24,65.31,Person_897,3529513980.0,Pisces,Gray,Photography
REC00898,8.5,47.4,52.5,4.24,SW,1020.2,0.08,8,3,2,Station_20,69.98,Person_898,3327234872.0,Capricorn,Orange,Photography
REC00899,16.7,62.1,78.5,0.29,E,1010.8,0.44,11,4,3,Station_14,118.1,Person_899,3611051171.0,Aries,Orange,Sports
REC00900,,90.5,61.8,0.59,SE,1011.5,0.18,19,3,2,Station_16,55.12,Person_900,3366160712.0,Gemini,Purple,Travel
REC00901,20.3,68.6,54.3,6.53,N,1011.0,0.23,16,6,5,Station_21,67.51,Person_901,3973069133.0,Pisces,White,Cooking
REC00902,19.1,66.3,,3.29,NE,996.0,0.54,15,0,12,Station_13,79.81,Person_902,3897343196.0,Pisces,Black,Cinema
REC00903,25.6,78.0,51.1,11.24,NE,1033.7,0.78,22,4,12,Station_13,82.37,Person_903,3952282928.0,Gemini,Gray,Sports
REC00904,15.4,59.7,,1.26,S,1025.4,1.97,0,3,7,Station_10,71.0,Person_904,3445910350.0,Libra,Gray,Gardening
REC00905,29.5,85.1,34.1,20.02,NE,1012.6,0.27,22,5,3,Station_19,61.68,Person_905,3111311705.0,Gemini,Purple,Photography
REC00906,7.6,45.6,57.6,0.13,SW,1011.5,2.58,3,0,12,Station_14,76.71,Person_906,3365941023.0,Aries,Yellow,Cinema
REC00907,31.6,88.9,63.6,0.12,SW,1021.3,0.13,22,4,5,Station_3,72.64,Person_907,3605559231.0,Libra,White,Reading
REC00908,23.9,75.0,,4.42,SW,1013.1,0.03,12,2,5,Station_19,76.38,Person_908,3964650557.0,Aquarius,Pink,Cooking
REC00909,,84.3,84.4,0.74,W,1011.4,0.02,12,4,12,Station_24,96.43,Person_909,3948376779.0,Cancer,Green,Cinema
REC00910,22.2,72.0,,0.91,E,1017.0,2.11,7,4,2,Station_23,81.36,Person_910,3732730560.0,Cancer,Yellow,Music
REC00911,20.2,68.4,62.8,5.62,NE,1008.3,2.37,8,6,8,Station_11,76.66,Person_911,3335321236.0,Aquarius,White,Photography
REC00912,17.3,63.2,27.0,3.87,S,1016.4,0.09,7,2,4,Station_24,44.95,Person_912,3221199286.0,Libra,Orange,Cooking
REC00913,19.2,66.5,,4.28,NE,1015.8,0.6,0,2,7,Station_23,62.32,Person_913,3887458185.0,Pisces,Purple,Gardening
REC00914,20.5,68.8,54.8,-5.0,E,1013.8,0.32,3,6,8,Station_24,102.4,Person_914,3499303712.0,Aries,Green,Gaming
REC00915,22.6,72.7,74.4,5.34,N,1013.5,0.18,23,2,3,Station_12,,Person_915,3870119412.0,Aries,Purple,Photography
REC00916,23.8,74.8,64.1,4.29,NE,1016.5,0.27,3,2,3,Station_13,63.21,Person_916,3342875698.0,Aquarius,Black,Travel
REC00917,13.0,55.3,60.1,4.05,N,1019.5,1.54,9,1,8,Station_1,,Person_917,3830104120.0,Scorpio,Green,Gaming
REC00918,31.1,88.0,49.7,9.19,NE,1001.7,1.16,13,1,11,Station_16,63.3,Person_918,3081333638.0,Pisces,White,Hiking
REC00919,30.7,87.2,55.1,0.47,W,1010.6,2.59,15,2,4,Station_13,49.53,Person_919,3164538679.0,Gemini,Red,Hiking
REC00920,,80.6,55.9,1.85,SW,1002.9,0.11,20,6,10,Station_1,61.66,Person_920,3417238769.0,Scorpio,Purple,Cooking
REC00921,15.1,59.1,63.9,0.65,NW,1008.0,2.22,18,4,10,Station_18,83.33,Person_921,3157980456.0,Cancer,Red,Gaming
REC00922,17.4,63.4,77.7,0.63,E,1013.5,0.01,22,1,2,Station_5,94.45,Person_922,3260345160.0,Taurus,Yellow,Photography
REC00923,26.7,80.0,42.3,,S,1008.6,1.35,2,1,8,Station_14,68.68,Person_923,3135119232.0,Scorpio,Black,Sports
REC00924,,67.8,65.1,2.48,NW,1017.6,1.1,18,4,7,Station_5,66.08,Person_924,3715327701.0,Virgo,White,Gaming
REC00925,16.5,61.6,68.7,2.16,N,1018.8,0.4,19,4,7,Station_13,112.19,Person_925,3315811671.0,Cancer,Gray,Music
REC00926,,80.8,54.3,0.69,W,1010.4,0.1,23,4,6,Station_23,61.82,Person_926,3562950734.0,Sagittarius,Blue,Music
REC00927,26.4,79.5,51.2,4.99,SE,1005.6,0.33,0,1,10,Station_4,53.56,Person_927,3508910238.0,Cancer,Yellow,Music
REC00928,16.3,61.4,65.3,3.78,NW,1011.2,0.62,19,1,9,Station_3,,Person_928,3912681893.0,Taurus,Purple,Gardening
REC00929,20.5,69.0,,1.43,W,1010.3,3.48,21,1,7,Station_8,96.31,Person_929,3690052326.0,Pisces,Blue,Travel
REC00930,24.2,75.5,86.2,1.36,NW,1016.8,0.23,4,4,4,Station_19,73.59,Person_930,3839873973.0,Sagittarius,Orange,Cooking
REC00931,13.5,56.4,34.6,0.43,W,1012.3,0.5,20,4,3,Station_2,38.76,Person_931,3454915094.0,Cancer,White,Music
REC00932,,80.7,54.7,1.4,N,1017.7,2.04,11,6,6,Station_20,56.7,Person_932,3236464257.0,Aquarius,White,Cooking
REC00933,22.7,72.9,56.3,0.48,N,1009.0,1.13,22,0,8,Station_24,81.98,Person_933,3539208333.0,Pisces,Blue,Gardening
REC00934,14.9,58.9,64.4,2.35,NE,1021.7,0.39,2,0,8,Station_22,84.41,Person_934,3285852318.0,Cancer,Yellow,Gaming
REC00935,6.9,44.5,84.5,0.46,SE,1018.2,0.33,13,3,10,Station_23,110.9,Person_935,3205032697.0,Scorpio,Black,Travel
REC00936,19.5,67.0,72.0,2.18,N,1007.4,1.03,22,4,1,Station_22,97.45,Person_936,3632513998.0,Pisces,Blue,Photography
REC00937,26.2,79.2,58.3,3.4,SW,1020.4,2.14,16,1,10,Station_17,71.68,Person_937,3488177628.0,Capricorn,Blue,Gaming
REC00938,36.7,98.1,56.8,5.84,NW,1022.4,0.74,1,3,8,Station_5,74.74,Person_938,3645285956.0,Taurus,Orange,Sports
REC00939,,74.5,57.3,7.13,E,1021.4,0.2,7,2,7,Station_23,56.62,Person_939,3865664364.0,Libra,Black,Cinema
REC00940,20.4,68.7,72.2,4.45,N,1019.1,0.55,1,6,7,Station_17,84.76,Person_940,3040501640.0,Libra,Red,Reading
REC00941,25.6,78.0,33.5,1.99,E,1002.6,0.78,10,0,5,Station_11,65.62,Person_941,3778557232.0,Taurus,Blue,Travel
REC00942,20.7,69.3,66.8,4.43,SE,1004.8,1.46,4,3,12,Station_22,78.93,Person_942,3239489542.0,Scorpio,Black,Music
REC00943,15.2,59.3,67.0,3.68,NE,1011.8,0.08,10,0,8,Station_18,75.88,Person_943,3212376655.0,Leo,Green,Travel
REC00944,,45.3,,,SW,1014.8,0.02,5,5,3,Station_6,,Person_944,3432440497.0,Libra,Orange,Cinema
REC00945,16.9,62.5,59.5,8.26,SW,1005.3,1.01,16,4,3,Station_4,53.66,Person_945,3665298736.0,Cancer,Orange,Music
REC00946,25.1,77.2,21.9,7.13,S,1007.9,0.45,20,0,8,Station_11,22.44,Person_946,3040047772.0,Scorpio,Black,Travel
REC00947,9.3,48.7,73.6,1.03,N,1005.5,1.93,9,4,4,Station_5,101.02,Person_947,3137146225.0,Gemini,Yellow,Gaming
REC00948,12.7,54.8,48.0,0.51,W,1017.0,1.47,1,3,9,Station_10,97.21,Person_948,3178742966.0,Scorpio,Purple,Cinema
REC00949,28.7,83.7,57.4,1.02,NE,996.5,0.78,11,4,7,Station_14,61.54,Person_949,3464963618.0,Gemini,Gray,Hiking
REC00950,11.7,53.1,80.6,3.75,W,1008.0,3.0,4,0,2,Station_14,75.16,Person_950,3087903166.0,Taurus,Gray,Hiking
REC00951,32.9,91.2,,1.13,SE,1017.4,0.37,23,5,8,Station_24,77.31,Person_951,3137455810.0,Leo,Red,Gaming
REC00952,30.9,87.6,51.2,0.44,NE,1012.9,0.35,13,6,8,Station_4,45.82,Person_952,3776712360.0,Aries,Gray,Music
REC00953,28.9,84.0,44.6,2.96,S,1014.9,0.61,11,5,5,Station_9,100.83,Person_953,3170873688.0,Aries,Purple,Cooking
REC00954,27.9,82.3,62.7,2.35,W,1003.1,0.08,18,1,7,Station_23,99.72,Person_954,3780120792.0,Aquarius,Red,Hiking
REC00955,32.6,90.6,58.8,0.56,SW,1022.1,0.3,8,4,10,Station_8,75.59,Person_955,3481733273.0,Scorpio,White,Photography
REC00956,26.2,79.2,66.3,1.89,E,1010.2,2.89,2,1,5,Station_8,118.32,Person_956,3082616633.0,Virgo,Green,Music
REC00957,19.9,67.8,100.0,3.89,SE,997.3,0.56,23,5,1,Station_6,100.22,Person_957,3491138535.0,Cancer,Blue,Cinema
REC00958,24.0,75.2,46.0,3.73,S,1013.0,0.73,0,3,5,Station_18,83.55,Person_958,3757649400.0,Taurus,Yellow,Gaming
REC00959,19.1,66.5,65.3,,S,997.0,1.34,19,5,12,Station_18,66.05,Person_959,3523478381.0,Gemini,White,Photography
REC00960,26.3,79.3,70.5,3.0,E,1023.7,0.36,20,3,6,Station_8,89.54,Person_960,3844513596.0,Aries,Black,Hiking
REC00961,,86.7,66.8,3.52,NW,1014.4,1.59,18,1,8,Station_15,106.94,Person_961,3314037243.0,Virgo,Pink,Gaming
REC00962,14.9,58.9,64.8,5.28,SE,1019.2,0.37,10,5,9,Station_2,78.93,Person_962,3616388589.0,Aquarius,Yellow,Gardening
REC00963,27.5,81.4,64.0,1.68,S,1018.7,0.56,2,6,8,Station_6,93.78,Person_963,3895763753.0,Capricorn,Yellow,Sports
REC00964,9.4,48.9,76.2,0.97,W,1009.7,0.04,16,0,1,Station_22,91.0,Person_964,3919975423.0,Sagittarius,White,Photography
REC00965,21.8,71.2,49.2,6.94,S,1018.0,3.05,8,4,7,Station_10,55.35,Person_965,3735106498.0,Libra,Gray,Photography
REC00966,33.3,92.0,54.5,0.61,S,1001.5,2.26,22,5,3,Station_14,94.52,Person_966,3655066615.0,Leo,Yellow,Photography
REC00967,9.9,49.8,70.2,1.72,S,1011.4,0.8,0,0,8,Station_6,,Person_967,3700893133.0,Capricorn,White,Sports
REC00968,28.3,83.0,58.8,1.24,E,998.5,0.47,16,3,3,Station_15,70.44,Person_968,3338905767.0,Leo,Blue,Cooking
REC00969,35.9,96.5,61.2,0.57,N,1022.5,0.1,10,6,4,Station_13,71.54,Person_969,3435875986.0,Virgo,Red,Gardening
REC00970,21.3,70.4,67.6,0.7,SE,1027.1,0.7,6,0,3,Station_9,85.09,Person_970,3065763062.0,Aquarius,Yellow,Sports
REC00971,6.7,44.1,50.6,0.07,SW,1002.7,8.5,0,4,5,Station_12,75.66,Person_971,3481713160.0,Pisces,Purple,Cinema
REC00972,18.8,65.8,67.7,1.01,N,1007.0,0.84,10,4,3,Station_20,80.75,Person_972,3359602444.0,Pisces,Pink,Music
REC00973,29.6,85.3,40.0,2.93,NE,1002.7,0.45,11,6,4,Station_10,56.51,Person_973,3438940957.0,Aquarius,Green,Music
REC00974,,95.1,79.5,,SW,1033.9,0.35,14,5,10,Station_21,80.76,Person_974,3638926139.0,Sagittarius,Yellow,Cooking
REC00975,16.1,61.0,54.0,6.1,NW,1017.7,1.28,15,1,6,Station_2,62.73,Person_975,3702709669.0,Capricorn,Purple,Reading
REC00976,14.9,58.8,55.6,2.09,SW,1018.8,0.33,20,4,4,Station_4,72.21,Person_976,3520148707.0,Aries,Black,Travel
REC00977,24.1,75.4,47.9,2.08,E,1000.5,0.36,22,1,3,Station_14,64.12,Person_977,3406001520.0,Gemini,Gray,Reading
REC00978,32.3,90.2,58.7,4.49,S,1004.2,1.4,20,3,12,Station_15,70.07,Person_978,3829963546.0,Libra,Green,Sports
REC00979,29.6,85.3,46.6,1.87,E,1006.7,0.05,21,3,3,Station_16,68.31,Person_979,3178297169.0,Cancer,Pink,Music
REC00980,27.2,80.9,93.8,1.88,NW,1026.1,1.66,11,4,9,Station_2,121.42,Person_980,3146583762.0,Sagittarius,Pink,Cooking
REC00981,,102.3,54.4,0.94,S,1014.3,1.95,8,5,12,Station_20,47.82,Person_981,3671239435.0,Scorpio,Black,Music
REC00982,27.7,81.9,77.1,,N,1013.9,1.81,19,0,6,Station_10,99.32,Person_982,3366458344.0,Pisces,Black,Cinema
REC00983,15.6,60.1,,6.15,E,1014.7,2.35,0,5,5,Station_16,107.98,Person_983,3140436103.0,Capricorn,Green,Gardening
REC00984,31.3,88.3,76.5,1.06,NW,1022.6,0.15,0,6,11,Station_2,111.81,Person_984,3752412257.0,Cancer,Orange,Travel
REC00985,,68.4,61.4,0.33,SE,1016.7,0.29,15,4,10,Station_4,97.29,Person_985,3839647703.0,Aquarius,Blue,Photography
REC00986,24.1,75.4,35.7,2.14,S,1023.7,1.14,21,3,1,Station_22,81.42,Person_986,3619052764.0,Cancer,Gray,Photography
REC00987,31.9,89.4,41.4,0.47,E,1013.2,1.0,17,5,8,Station_10,52.96,Person_987,3476165242.0,Cancer,Green,Photography
REC00988,39.8,103.7,,3.87,NW,1013.0,0.11,4,1,7,Station_5,59.71,Person_988,3870989640.0,Aquarius,Orange,Gardening
REC00989,22.1,71.7,79.3,5.19,SW,1012.4,0.57,3,1,9,Station_15,,Person_989,3855982461.0,Virgo,White,Reading
REC00990,22.1,71.8,100.0,0.33,N,1009.3,0.83,17,4,5,Station_8,111.18,Person_990,3904818160.0,Pisces,Pink,Sports
REC00991,21.4,70.5,61.7,2.37,SE,1007.5,0.94,2,1,9,Station_15,99.6,Person_991,3507942770.0,Cancer,White,Cooking
REC00992,30.3,86.5,44.2,2.76,S,1012.5,3.12,13,1,3,Station_8,74.97,Person_992,3970746219.0,Leo,Orange,Gardening
REC00993,25.8,78.4,58.2,0.6,S,1011.1,1.16,20,6,11,Station_1,75.45,Person_993,3533124702.0,Cancer,Pink,Photography
REC00994,24.7,76.5,,3.39,E,1002.8,0.42,13,6,9,Station_9,46.18,Person_994,3804975410.0,Leo,Orange,Sports
REC00995,17.9,64.2,53.2,3.16,SW,1016.8,0.52,15,4,2,Station_3,74.6,Person_995,3513987040.0,Aquarius,Black,Photography
REC00996,25.1,77.2,69.1,4.43,S,1019.5,0.39,21,2,7,Station_18,70.86,Person_996,3552089952.0,Sagittarius,Red,Reading
REC00997,35.3,95.6,44.0,5.57,E,1004.8,0.77,12,4,3,Station_9,84.92,Person_997,3954292855.0,Capricorn,Pink,Cooking
REC00998,22.2,72.0,49.8,0.68,S,1012.9,0.05,4,6,11,Station_15,95.64,Person_998,3845008156.0,Aquarius,Green,Travel
REC00999,22.6,72.7,,6.94,W,1008.7,0.01,19,3,5,Station_19,97.14,Person_999,3039486502.0,Taurus,Gray,Sports
REC01000,23.9,75.0,64.8,2.2,NE,1023.7,0.48,8,2,8,Station_13,86.08,Person_1000,3334448979.0,Taurus,Gray,Sports
REC01001,33.6,92.5,71.5,0.46,NE,1015.0,0.7,23,0,11,Station_13,78.46,Person_1001,3107129174.0,Pisces,White,Cinema
REC01002,31.4,88.6,,2.33,S,1005.9,0.23,6,4,10,Station_1,,Person_1002,3434443787.0,Aries,Orange,Cinema
REC01003,18.8,65.8,,3.67,W,1014.2,1.91,4,1,1,Station_4,,Person_1003,3035776167.0,Aries,Purple,Gardening
REC01004,11.6,52.9,54.0,0.23,SE,1016.2,0.12,20,3,3,Station_18,83.46,Person_1004,3745730240.0,Virgo,Red,Travel
REC01005,24.9,76.7,43.8,1.84,S,1000.6,2.8,15,3,4,Station_24,67.77,Person_1005,3137034912.0,Pisces,White,Gardening
REC01006,22.6,72.6,61.6,,NE,1020.0,0.73,9,0,6,Station_19,55.27,Person_1006,3245236279.0,Capricorn,Yellow,Cooking
REC01007,22.5,72.5,76.2,1.5,NE,1003.6,0.24,5,5,9,Station_5,74.01,Person_1007,3892505264.0,Leo,Pink,Cinema
REC01008,20.3,68.6,51.7,3.68,NE,1012.1,1.25,1,3,3,Station_11,73.51,Person_1008,3541497952.0,Leo,Yellow,Gardening
REC01009,19.6,67.3,55.6,,NW,1006.2,1.11,19,1,8,Station_22,86.35,Person_1009,3056880846.0,Virgo,Blue,Travel
REC01010,24.6,76.2,82.1,1.25,E,1012.2,0.43,21,4,10,Station_15,115.29,Person_1010,3804862936.0,Scorpio,Gray,Gaming
REC01011,20.3,68.5,,9.11,SW,1011.5,1.11,10,5,7,Station_3,40.21,Person_1011,3672680765.0,Aries,Red,Gardening
REC01012,14.5,58.1,50.7,,NE,1015.4,0.17,16,6,3,Station_6,,Person_1012,3888803613.0,Gemini,White,Reading
REC01013,15.3,59.5,48.5,,SE,1008.2,0.04,8,5,5,Station_1,66.2,Person_1013,3407832752.0,Cancer,Purple,Cinema
REC01014,17.3,63.2,,1.13,E,1016.2,2.57,3,0,7,Station_7,52.52,Person_1014,3689136678.0,Virgo,Purple,Cooking
REC01015,23.9,75.1,43.4,4.42,SE,1016.7,2.2,17,2,7,Station_16,83.47,Person_1015,3948257083.0,Cancer,Gray,Gaming
REC01016,20.5,69.0,45.8,2.24,E,1015.1,1.05,17,4,4,Station_2,55.21,Person_1016,3815431625.0,Sagittarius,Blue,Hiking
REC01017,,68.3,69.6,5.13,NW,1018.8,0.95,5,6,1,Station_7,80.53,Person_1017,3781313716.0,Taurus,Purple,Photography
REC01018,20.1,68.2,72.9,,E,1026.4,0.3,2,4,9,Station_3,68.64,Person_1018,3215308692.0,Pisces,Yellow,Cooking
REC01019,21.1,70.0,77.9,1.99,SE,1007.4,0.54,0,4,11,Station_23,117.99,Person_1019,3844015555.0,Capricorn,Blue,Cooking
REC01020,21.5,70.8,39.3,1.83,S,1014.9,1.06,2,6,3,Station_5,,Person_1020,3433918976.0,Libra,Pink,Cooking
REC01021,18.4,65.0,32.0,2.51,E,1004.2,1.77,18,3,11,Station_20,31.85,Person_1021,3226734503.0,Scorpio,Gray,Sports
REC01022,21.9,71.5,,0.8,NE,1013.8,0.13,6,1,4,Station_21,79.54,Person_1022,3272188084.0,Aquarius,Black,Gaming
REC01023,,70.1,59.6,1.74,W,1015.2,0.94,21,5,3,Station_5,103.77,Person_1023,3760125441.0,Virgo,Black,Gaming
REC01024,23.7,74.7,58.1,,NE,1028.2,0.91,21,4,6,Station_16,90.22,Person_1024,3840438776.0,Cancer,Pink,Gardening
REC01025,23.6,74.5,59.9,2.81,NE,1019.0,1.97,20,3,2,Station_6,70.07,Person_1025,3935153528.0,Virgo,White,Cinema
REC01026,14.8,58.6,72.1,,W,1016.2,0.98,6,5,6,Station_7,95.87,Person_1026,3087821291.0,Aries,Yellow,Gaming
REC01027,15.3,59.6,,7.51,SW,1001.8,0.02,20,0,12,Station_17,,Person_1027,3162026193.0,Aries,Gray,Gaming
REC01028,21.0,69.9,63.3,0.63,E,1022.1,0.86,18,1,8,Station_21,76.92,Person_1028,3888090722.0,Libra,Green,Sports
REC01029,24.5,76.2,88.0,4.56,NE,1025.0,0.92,8,3,7,Station_5,111.09,Person_1029,3943902394.0,Aquarius,Purple,Music
REC01030,,62.4,76.3,5.46,NE,1010.6,0.74,4,5,10,Station_22,83.19,Person_1030,3790325294.0,Scorpio,Pink,Reading
REC01031,27.6,81.7,68.4,4.53,NE,1010.2,0.03,18,2,3,Station_22,84.85,Person_1031,3535077026.0,Scorpio,Black,Cinema
REC01032,,83.6,57.1,1.35,SE,1009.3,0.07,7,3,6,Station_15,,Person_1032,3540112313.0,Sagittarius,Black,Sports
REC01033,20.9,69.6,56.8,2.36,E,1007.4,0.24,10,3,2,Station_5,53.05,Person_1033,3757052091.0,Leo,Orange,Travel
REC01034,13.6,56.4,62.2,8.61,SW,1007.7,0.06,14,2,5,Station_3,67.94,Person_1034,3353360135.0,Cancer,White,Sports
REC01035,19.7,67.5,62.3,,S,1025.6,0.51,5,5,10,Station_18,98.76,Person_1035,3866158841.0,Pisces,Purple,Reading
REC01036,33.4,92.1,68.8,2.47,SE,1011.2,2.32,21,4,10,Station_17,74.4,Person_1036,3270408845.0,Capricorn,Blue,Photography
REC01037,34.0,93.2,83.5,1.73,SE,1012.0,0.48,9,0,11,Station_19,100.89,Person_1037,3526577252.0,Sagittarius,Black,Travel
REC01038,29.1,84.3,79.2,0.64,S,1006.1,0.22,5,4,2,Station_10,95.26,Person_1038,3129720011.0,Pisces,Red,Gardening
REC01039,,79.2,,2.37,S,1007.7,1.94,16,1,1,Station_23,79.09,Person_1039,3791137944.0,Virgo,Red,Gardening
REC01040,24.1,75.4,75.6,1.66,N,1013.0,2.87,15,0,3,Station_18,69.89,Person_1040,3947639482.0,Sagittarius,Pink,Photography
REC01041,33.7,92.7,39.3,1.3,E,1015.6,1.43,17,5,12,Station_10,76.57,Person_1041,3760829991.0,Scorpio,White,Gaming
REC01042,25.4,77.7,51.0,1.53,E,1020.0,0.66,7,4,9,Station_2,87.66,Person_1042,3456252116.0,Virgo,Orange,Reading
REC01043,,72.3,66.9,2.54,W,1012.3,1.04,15,1,6,Station_20,98.05,Person_1043,3092711513.0,Capricorn,Blue,Cooking
REC01044,20.3,68.6,41.4,1.6,S,1015.0,0.29,13,0,6,Station_3,62.02,Person_1044,3554084855.0,Pisces,Black,Sports
REC01045,24.6,76.2,66.3,3.59,E,1015.3,2.2,14,4,6,Station_11,80.45,Person_1045,3588267276.0,Scorpio,Red,Reading
REC01046,,76.7,59.0,0.35,SE,1009.5,0.46,3,4,10,Station_19,89.91,Person_1046,3665683680.0,Cancer,Purple,Music
REC01047,28.4,83.2,37.6,3.17,E,1009.0,1.78,20,0,11,Station_20,37.13,Person_1047,3866394588.0,Pisces,White,Cooking
REC01048,30.0,86.0,43.2,2.11,E,1020.7,0.54,20,6,11,Station_13,60.8,Person_1048,3702245602.0,Sagittarius,Purple,Cinema
REC01049,,66.6,66.0,,S,1019.9,0.29,19,5,4,Station_12,59.14,Person_1049,3990653800.0,Scorpio,Purple,Cinema
REC01050,19.1,66.3,74.6,2.3,SE,1013.8,2.22,11,2,9,Station_17,73.34,Person_1050,3062196012.0,Cancer,Orange,Music
REC01051,15.1,59.2,57.7,0.79,NE,1008.5,0.62,8,5,6,Station_1,103.15,Person_1051,3499581574.0,Libra,Pink,Hiking
REC01052,23.7,74.7,59.9,2.55,N,1024.7,0.64,20,6,9,Station_12,63.86,Person_1052,3281566061.0,Libra,Orange,Reading
REC01053,29.0,84.2,54.2,1.34,NW,991.6,0.02,18,5,1,Station_2,78.37,Person_1053,3674443540.0,Taurus,Purple,Cooking
REC01054,,77.3,37.8,6.69,S,1008.9,0.66,8,5,1,Station_19,31.92,Person_1054,3537571385.0,Libra,Purple,Gaming
REC01055,22.8,73.0,65.3,1.2,N,1010.5,0.15,13,4,9,Station_12,97.57,Person_1055,3306812146.0,Aries,Orange,Music
REC01056,24.3,75.7,60.7,5.15,NE,1013.7,3.09,7,4,3,Station_3,,Person_1056,3159224498.0,Sagittarius,Purple,Hiking
REC01057,,57.4,80.2,4.72,NW,1006.8,3.08,0,6,1,Station_18,82.02,Person_1057,3277487617.0,Scorpio,Yellow,Music
REC01058,11.4,52.5,65.7,5.46,SW,1026.6,0.34,22,2,6,Station_1,88.97,Person_1058,3314734857.0,Sagittarius,White,Cooking
REC01059,,84.8,67.4,,S,1004.4,0.13,11,1,7,Station_19,68.23,Person_1059,3022295686.0,Leo,Gray,Gaming
REC01060,9.3,48.7,53.0,,NW,997.8,0.13,2,6,1,Station_19,55.42,Person_1060,3045529503.0,Scorpio,Yellow,Hiking
REC01061,10.1,50.1,,1.82,E,1015.7,0.01,23,4,11,Station_13,106.08,Person_1061,3580653747.0,Gemini,Yellow,Hiking
REC01062,19.8,67.7,49.7,1.08,NW,1001.8,0.19,5,5,11,Station_24,80.34,Person_1062,3997891184.0,Cancer,Green,Travel
REC01063,26.3,79.4,60.3,0.78,S,1011.8,1.53,21,2,10,Station_11,98.78,Person_1063,3774086535.0,Gemini,Orange,Cooking
REC01064,24.1,75.4,78.5,0.39,W,1017.0,1.13,10,1,4,Station_23,78.15,Person_1064,3299877074.0,Virgo,Blue,Photography
REC01065,20.8,69.4,80.2,,NE,1004.4,0.59,22,0,10,Station_15,95.19,Person_1065,3843492612.0,Cancer,Gray,Travel
REC01066,16.5,61.6,69.1,10.46,SE,1017.8,0.86,19,1,11,Station_23,67.66,Person_1066,3311029955.0,Virgo,Purple,Gaming
REC01067,23.5,74.4,48.8,10.52,N,1007.4,0.66,14,2,4,Station_9,61.05,Person_1067,3753414642.0,Gemini,Purple,Sports
REC01068,13.0,55.4,93.2,0.5,E,1013.8,0.88,13,4,1,Station_10,75.81,Person_1068,3461017460.0,Scorpio,Purple,Music
REC01069,14.0,57.1,68.6,4.7,S,1017.5,1.39,22,6,4,Station_10,90.76,Person_1069,3467414648.0,Libra,White,Cooking
REC01070,24.4,75.9,50.9,6.14,S,1016.6,0.8,17,2,2,Station_5,70.49,Person_1070,3871104195.0,Gemini,Blue,Photography
REC01071,28.7,83.6,62.1,0.82,N,995.9,0.31,16,3,10,Station_1,72.31,Person_1071,3321902234.0,Libra,Yellow,Cooking
REC01072,14.2,57.6,73.0,0.89,S,1014.2,1.36,23,4,8,Station_8,115.94,Person_1072,3896387931.0,Sagittarius,Pink,Hiking
REC01073,24.7,76.4,56.9,0.48,NW,1000.1,0.62,8,5,1,Station_22,91.55,Person_1073,3927780808.0,Leo,Orange,Photography
REC01074,20.3,68.5,69.8,0.69,E,1024.7,1.1,3,6,10,Station_8,94.56,Person_1074,3653723456.0,Gemini,Gray,Music
REC01075,20.9,69.7,41.9,1.21,W,1018.9,0.47,21,0,6,Station_22,72.02,Person_1075,3494229857.0,Capricorn,Black,Reading
REC01076,31.4,88.6,65.7,1.1,SW,1023.0,0.24,6,0,4,Station_23,108.15,Person_1076,3670578829.0,Scorpio,Purple,Cinema
REC01077,14.6,58.4,54.2,,S,1007.2,1.48,11,4,5,Station_9,94.68,Person_1077,3477864888.0,Pisces,Green,Photography
REC01078,13.2,55.7,56.1,2.26,SW,1024.5,0.71,10,3,2,Station_10,93.94,Person_1078,3172689905.0,Taurus,Yellow,Music
REC01079,18.3,64.9,,5.17,SE,1006.8,0.04,3,0,5,Station_8,46.49,Person_1079,3671621064.0,Virgo,Gray,Gaming
REC01080,21.8,71.3,79.5,14.18,SW,1026.2,0.13,23,2,9,Station_19,77.48,Person_1080,3679936711.0,Scorpio,Purple,Cinema
REC01081,22.2,71.9,34.1,3.78,E,1007.3,3.4,2,2,5,Station_15,57.99,Person_1081,3325550626.0,Taurus,Black,Cooking
REC01082,27.1,80.8,35.9,1.29,E,1004.0,0.07,10,6,6,Station_22,52.24,Person_1082,3554470568.0,Libra,White,Gardening
REC01083,27.5,81.6,52.0,2.57,NW,1028.0,2.78,4,1,12,Station_6,75.82,Person_1083,3561395731.0,Taurus,Orange,Gaming
REC01084,8.8,47.9,73.3,0.96,NW,999.1,1.64,0,5,4,Station_13,118.82,Person_1084,3192964852.0,Pisces,Pink,Travel
REC01085,25.2,77.4,,,NE,1018.0,2.1,22,4,3,Station_3,,Person_1085,3890947353.0,Scorpio,Gray,Travel
REC01086,25.4,77.8,,1.98,NW,1021.7,6.0,13,0,3,Station_24,,Person_1086,3609525572.0,Virgo,White,Photography
REC01087,28.2,82.7,48.8,5.33,SE,1013.7,1.26,20,2,8,Station_2,51.65,Person_1087,3485005194.0,Aquarius,Red,Photography
REC01088,,91.5,63.0,5.38,W,1018.7,0.24,0,5,2,Station_11,83.39,Person_1088,3099799806.0,Aquarius,Blue,Gardening
REC01089,26.1,79.0,86.1,2.99,SE,1017.7,0.98,18,6,5,Station_22,76.53,Person_1089,3008386025.0,Gemini,Red,Hiking
REC01090,28.8,83.8,46.7,2.62,NE,1023.4,0.67,17,3,6,Station_24,59.9,Person_1090,3055632349.0,Cancer,Red,Travel
REC01091,31.1,88.0,64.6,7.64,W,994.2,2.53,6,4,9,Station_4,,Person_1091,3185986012.0,Scorpio,Yellow,Hiking
REC01092,16.4,61.5,73.2,7.49,NE,1012.4,1.29,16,2,4,Station_11,,Person_1092,3180711855.0,Aquarius,Yellow,Hiking
REC01093,,82.2,,4.84,N,1011.2,0.75,7,1,9,Station_7,117.59,Person_1093,3809125945.0,Aquarius,Purple,Cooking
REC01094,,59.5,85.8,2.28,N,1007.3,1.15,19,6,3,Station_21,78.86,Person_1094,3262407953.0,Virgo,Yellow,Cooking
REC01095,,60.8,48.8,1.1,NW,998.4,3.12,7,5,9,Station_9,88.79,Person_1095,3388552385.0,Pisces,Red,Gaming
REC01096,18.6,65.5,57.5,4.68,W,1011.9,0.84,12,6,5,Station_11,67.79,Person_1096,3070347869.0,Aquarius,Red,Music
REC01097,22.2,71.9,,2.19,E,1018.6,1.35,22,2,1,Station_14,76.7,Person_1097,3555899373.0,Cancer,Green,Reading
REC01098,,67.7,67.6,5.85,E,1013.0,0.28,11,6,10,Station_10,83.09,Person_1098,3252600654.0,Leo,Green,Cinema
REC01099,30.4,86.8,73.2,0.62,NE,1009.7,0.13,9,1,3,Station_9,69.92,Person_1099,3530721266.0,Virgo,Black,Music
REC01100,21.9,71.3,53.1,0.79,NE,1028.5,2.21,11,1,10,Station_20,61.47,Person_1100,3923156199.0,Aries,Black,Cooking
REC01101,,54.0,63.3,0.03,W,1013.6,0.74,2,2,5,Station_19,94.52,Person_1101,3508260210.0,Capricorn,Yellow,Cinema
REC01102,23.9,75.0,51.8,2.78,NW,1007.1,1.65,9,5,10,Station_8,73.35,Person_1102,3227306762.0,Pisces,Pink,Cooking
REC01103,24.7,76.4,68.8,1.95,N,1014.4,0.44,13,3,9,Station_5,77.25,Person_1103,3972475875.0,Aries,Purple,Gardening
REC01104,19.1,66.3,65.9,1.92,W,1006.8,1.4,12,4,7,Station_7,73.12,Person_1104,3821543664.0,Pisces,Yellow,Gaming
REC01105,,76.6,61.1,1.75,NW,1014.5,0.42,8,4,12,Station_17,81.79,Person_1105,3326691881.0,Libra,Orange,Sports
REC01106,30.9,87.7,100.0,1.31,NW,1005.0,0.13,23,2,4,Station_9,136.95,Person_1106,3621747566.0,Taurus,Pink,Gaming
REC01107,16.3,61.3,67.7,8.86,N,1001.7,0.18,18,5,6,Station_8,81.32,Person_1107,3914183625.0,Virgo,Gray,Cooking
REC01108,10.7,51.2,46.0,1.81,N,1016.6,0.85,17,2,3,Station_23,65.35,Person_1108,3249683652.0,Scorpio,Orange,Cinema
REC01109,,88.1,100.0,2.55,S,1009.1,0.88,2,1,9,Station_1,,Person_1109,3417714496.0,Aries,Purple,Cooking
REC01110,16.7,62.0,48.4,,W,1000.2,0.41,5,4,2,Station_17,21.4,Person_1110,3317470802.0,Scorpio,Yellow,Gardening
REC01111,,67.4,79.1,0.2,W,1008.5,0.7,19,4,7,Station_22,125.94,Person_1111,3372158739.0,Gemini,Pink,Hiking
REC01112,,66.8,74.4,3.68,NW,1016.2,0.0,2,4,8,Station_15,94.94,Person_1112,3343314875.0,Taurus,Green,Reading
REC01113,15.5,59.9,54.5,0.74,NE,999.3,0.55,11,2,2,Station_20,58.35,Person_1113,3917558085.0,Cancer,Red,Sports
REC01114,17.4,63.3,63.5,1.98,S,1017.0,0.59,11,0,7,Station_16,107.35,Person_1114,3805908643.0,Libra,Purple,Sports
REC01115,12.1,53.8,48.4,5.97,E,1024.3,0.03,2,4,6,Station_20,56.5,Person_1115,3832270481.0,Virgo,Purple,Cinema
REC01116,,54.1,48.5,,W,1022.3,1.56,20,4,6,Station_3,77.14,Person_1116,3242357618.0,Capricorn,Orange,Photography
REC01117,16.9,62.3,55.5,6.89,SE,1025.8,1.02,14,1,4,Station_10,60.6,Person_1117,3262303641.0,Pisces,White,Photography
REC01118,,83.0,,0.12,NE,995.7,0.85,6,1,8,Station_14,68.27,Person_1118,3503839991.0,Taurus,Green,Gardening
REC01119,19.6,67.3,46.2,0.75,E,1019.6,0.32,23,6,6,Station_18,84.41,Person_1119,3915658483.0,Scorpio,Orange,Music
REC01120,19.3,66.8,76.9,0.69,NW,1010.9,0.29,8,4,9,Station_3,109.67,Person_1120,3021900294.0,Virgo,Pink,Gaming
REC01121,23.3,73.9,,7.41,N,1015.6,1.61,6,0,2,Station_23,86.09,Person_1121,3343952777.0,Libra,Pink,Cooking
REC01122,24.6,76.3,77.9,6.7,W,1012.9,0.13,3,1,10,Station_16,,Person_1122,3263815525.0,Aries,Black,Cooking
REC01123,24.7,76.4,34.5,1.09,E,1006.4,1.57,2,1,11,Station_8,37.18,Person_1123,3849687213.0,Sagittarius,White,Reading
REC01124,31.8,89.2,63.6,0.08,S,1020.6,0.01,16,2,1,Station_18,101.91,Person_1124,3228778516.0,Virgo,Pink,Travel
REC01125,17.7,63.9,56.0,1.54,E,1014.1,1.09,23,6,6,Station_9,69.18,Person_1125,3178185547.0,Aries,Blue,Gaming
REC01126,23.0,73.4,70.6,7.96,E,1008.7,0.07,6,5,11,Station_8,58.23,Person_1126,3855288041.0,Leo,Yellow,Sports
REC01127,19.0,66.2,,1.83,N,1021.1,1.61,10,2,1,Station_16,76.86,Person_1127,3583494522.0,Pisces,Green,Sports
REC01128,,87.3,,,SW,1014.6,1.44,23,5,9,Station_6,99.78,Person_1128,3092986073.0,Aries,Gray,Cinema
REC01129,13.6,56.5,32.4,3.43,NW,1006.5,0.11,10,6,10,Station_15,48.6,Person_1129,3741542945.0,Cancer,Gray,Cooking
REC01130,27.9,82.3,65.7,2.01,NW,1015.2,2.34,0,6,2,Station_8,109.87,Person_1130,3751531976.0,Virgo,White,Music
REC01131,13.4,56.2,84.1,0.49,NW,1017.8,1.93,20,3,12,Station_9,108.84,Person_1131,3594808879.0,Taurus,Blue,Cooking
REC01132,6.7,44.0,76.8,5.0,S,1017.3,0.15,22,6,7,Station_12,109.14,Person_1132,3704258190.0,Gemini,Blue,Reading
REC01133,,90.4,75.3,0.51,SW,1011.2,0.14,9,3,3,Station_6,96.67,Person_1133,3445338839.0,Aquarius,Gray,Gaming
REC01134,23.1,73.5,38.4,0.61,SE,1006.0,1.24,10,5,10,Station_18,53.42,Person_1134,3874024316.0,Aries,White,Cinema
REC01135,17.5,63.5,,0.02,N,1015.9,2.34,10,2,12,Station_19,90.51,Person_1135,3224113752.0,Gemini,Orange,Reading
REC01136,24.7,76.5,68.0,5.76,N,1018.3,0.73,18,4,8,Station_7,92.27,Person_1136,3496404845.0,Cancer,White,Hiking
REC01137,22.8,73.1,58.4,1.93,SE,1014.0,0.05,9,5,2,Station_8,74.76,Person_1137,3273840145.0,Leo,Black,Travel
REC01138,23.3,74.0,63.7,1.65,NE,1020.0,0.84,9,6,7,Station_15,82.18,Person_1138,3115507583.0,Libra,Red,Cinema
REC01139,,73.4,88.4,0.22,S,1006.1,0.13,3,5,4,Station_7,115.82,Person_1139,3984689860.0,Capricorn,Orange,Reading
REC01140,17.6,63.6,64.9,,E,1004.4,0.04,5,3,6,Station_22,,Person_1140,3310842781.0,Libra,Green,Gaming
REC01141,19.1,66.3,,0.68,NW,1012.1,2.02,8,4,11,Station_21,44.56,Person_1141,3869875678.0,Aquarius,Blue,Gaming
REC01142,15.5,59.9,39.0,0.3,E,1004.5,0.67,8,4,6,Station_19,55.73,Person_1142,3160927208.0,Capricorn,Red,Reading
REC01143,19.7,67.4,44.5,,NW,1020.3,0.83,20,5,6,Station_15,79.73,Person_1143,3330032944.0,Gemini,White,Gaming
REC01144,27.9,82.3,73.0,0.29,S,1011.3,1.17,15,6,8,Station_7,97.24,Person_1144,3847653193.0,Aquarius,Black,Cinema
REC01145,,83.4,25.7,1.67,SE,1022.4,1.26,13,6,10,Station_9,45.84,Person_1145,3338467970.0,Gemini,Black,Photography
REC01146,19.9,67.9,43.6,0.6,N,1003.4,0.37,20,6,10,Station_10,92.99,Person_1146,3315717815.0,Scorpio,Red,Hiking
REC01147,16.2,61.1,90.5,,N,1015.2,0.19,22,3,10,Station_22,105.4,Person_1147,3611182959.0,Aries,Orange,Travel
REC01148,35.2,95.3,26.4,0.18,SE,1015.3,0.06,21,0,1,Station_24,59.19,Person_1148,3610846557.0,Leo,Purple,Gaming
REC01149,19.3,66.7,76.1,1.24,S,1017.0,0.1,22,5,10,Station_20,86.34,Person_1149,3845838376.0,Pisces,Orange,Cinema
REC01150,27.8,82.1,,5.92,E,1011.5,1.57,13,3,1,Station_24,88.91,Person_1150,3601639355.0,Sagittarius,Pink,Hiking
REC01151,22.8,73.0,36.6,3.47,S,1016.0,0.87,9,6,9,Station_12,65.65,Person_1151,3036534430.0,Scorpio,Red,Hiking
REC01152,15.3,59.5,41.9,,SW,1019.8,0.99,6,4,7,Station_24,70.35,Person_1152,3333057861.0,Gemini,Yellow,Reading
REC01153,25.6,78.1,,0.32,SE,1005.3,1.77,10,0,2,Station_16,105.55,Person_1153,3450135044.0,Sagittarius,Blue,Gaming
REC01154,20.5,68.8,70.9,4.38,SE,1017.4,1.63,11,4,5,Station_20,101.92,Person_1154,3825390562.0,Libra,Pink,Photography
REC01155,23.1,73.5,43.4,2.29,NW,1002.3,0.48,11,1,10,Station_4,47.59,Person_1155,3743953840.0,Capricorn,Purple,Reading
REC01156,15.6,60.0,75.6,0.11,SW,1003.4,0.36,23,0,5,Station_10,122.42,Person_1156,3773832178.0,Aries,Pink,Cinema
REC01157,26.0,78.8,49.3,8.83,NW,1009.3,1.26,17,6,11,Station_8,59.44,Person_1157,3705127342.0,Sagittarius,Yellow,Music
REC01158,21.3,70.3,58.4,3.1,E,1026.4,0.03,0,5,1,Station_18,67.33,Person_1158,3853041184.0,Pisces,Black,Gaming
REC01159,24.7,76.5,47.5,,NE,1004.1,0.59,14,4,8,Station_23,57.69,Person_1159,3936465813.0,Gemini,Green,Photography
REC01160,19.0,66.3,42.6,2.32,S,1005.2,2.82,21,1,10,Station_6,55.48,Person_1160,3984930432.0,Cancer,Purple,Cooking
REC01161,20.7,69.2,62.6,3.77,NW,1004.3,0.82,21,1,4,Station_3,100.8,Person_1161,3039491047.0,Sagittarius,Gray,Reading
REC01162,18.0,64.5,69.5,4.66,S,1018.7,0.91,17,2,4,Station_21,75.14,Person_1162,3735340329.0,Taurus,Black,Sports
REC01163,25.8,78.5,61.3,12.8,W,1018.3,1.76,14,4,10,Station_14,83.06,Person_1163,3802423605.0,Pisces,Black,Hiking
REC01164,21.7,71.1,58.0,5.93,NW,1024.1,1.51,9,3,9,Station_11,55.35,Person_1164,3319545675.0,Pisces,Purple,Reading
REC01165,29.6,85.4,,6.96,S,1003.3,0.58,5,5,2,Station_10,51.74,Person_1165,3124201240.0,Taurus,Green,Music
REC01166,,81.7,51.8,5.51,SE,1009.7,0.37,7,4,5,Station_20,72.59,Person_1166,3168948081.0,Pisces,Pink,Music
REC01167,15.4,59.7,58.5,1.26,SW,1025.7,0.57,16,4,3,Station_3,87.41,Person_1167,3070560939.0,Gemini,Blue,Cinema
REC01168,22.9,73.3,45.4,0.94,E,1005.4,0.55,8,5,1,Station_6,67.28,Person_1168,3164695285.0,Leo,Gray,Travel
REC01169,34.1,93.4,41.3,6.81,SE,1013.8,0.14,16,5,6,Station_23,51.75,Person_1169,3154093833.0,Aries,Green,Gardening
REC01170,17.3,63.1,71.9,2.91,SW,1008.7,1.95,8,6,9,Station_7,,Person_1170,3066523021.0,Leo,Orange,Cooking
REC01171,27.2,81.0,80.5,3.64,SE,1015.0,1.35,22,4,6,Station_5,,Person_1171,3845019115.0,Leo,Purple,Gardening
REC01172,,78.3,,0.97,NW,1011.9,1.71,2,4,10,Station_1,99.98,Person_1172,3020089026.0,Aries,Blue,Sports
REC01173,,56.4,,3.48,N,1025.1,1.31,3,3,9,Station_5,65.19,Person_1173,3475293353.0,Aries,Blue,Gardening
REC01174,31.1,88.0,80.2,7.03,SE,1021.4,1.36,9,1,7,Station_5,90.48,Person_1174,3057601421.0,Aries,Black,Hiking
REC01175,30.2,86.4,54.9,1.83,SE,1015.9,0.37,21,6,1,Station_2,83.08,Person_1175,3969384216.0,Libra,Black,Photography
REC01176,21.9,71.4,66.4,,NW,1008.8,0.83,5,5,8,Station_7,,Person_1176,3435053551.0,Pisces,Yellow,Music
REC01177,31.6,88.9,,9.02,N,1015.4,0.55,3,3,4,Station_15,77.6,Person_1177,3392193907.0,Sagittarius,Black,Photography
REC01178,13.1,55.6,88.2,2.08,S,1011.8,0.0,14,2,5,Station_23,93.15,Person_1178,3291175324.0,Cancer,Purple,Travel
REC01179,25.7,78.3,54.1,4.18,NW,1014.2,1.02,1,0,11,Station_5,71.71,Person_1179,3370243267.0,Gemini,Green,Gaming
REC01180,21.1,70.0,68.1,2.59,SW,1019.3,0.2,21,3,10,Station_19,,Person_1180,3283848758.0,Taurus,Pink,Gardening
REC01181,15.9,60.6,62.0,8.96,N,1022.1,0.59,20,2,5,Station_7,65.56,Person_1181,3262809389.0,Pisces,Blue,Music
REC01182,22.1,71.8,81.8,0.45,NE,1007.1,2.25,17,5,7,Station_24,86.17,Person_1182,3009829388.0,Pisces,Black,Photography
REC01183,19.5,67.1,82.1,1.47,NW,1013.7,0.26,21,0,7,Station_18,76.88,Person_1183,3931018146.0,Leo,Gray,Sports
REC01184,17.6,63.7,49.5,5.25,SE,1008.4,4.08,23,2,4,Station_20,97.26,Person_1184,3539111877.0,Libra,Blue,Cooking
REC01185,21.4,70.4,89.2,1.76,NW,1011.9,1.53,6,4,1,Station_20,133.26,Person_1185,3132991036.0,Gemini,Black,Music
REC01186,23.2,73.7,59.7,5.01,NW,1015.9,2.2,15,3,8,Station_17,76.01,Person_1186,3939916595.0,Aries,Black,Cinema
REC01187,15.2,59.3,53.8,0.71,N,1018.4,0.04,10,2,6,Station_23,58.01,Person_1187,3013318819.0,Virgo,Black,Sports
REC01188,,63.1,70.6,4.66,N,1009.3,0.73,3,0,4,Station_16,74.89,Person_1188,3766054676.0,Libra,Orange,Sports
REC01189,21.9,71.4,78.5,6.59,W,1015.4,1.28,3,4,7,Station_23,67.05,Person_1189,3229803886.0,Cancer,Black,Sports
REC01190,13.1,55.6,,0.68,SE,1012.9,0.57,20,0,2,Station_19,,Person_1190,3542815347.0,Libra,Pink,Reading
REC01191,36.3,97.3,48.9,3.91,N,1008.8,0.39,5,4,4,Station_17,86.02,Person_1191,3277403769.0,Aries,Red,Cinema
REC01192,21.6,70.9,62.3,,E,1008.0,0.27,7,1,4,Station_11,,Person_1192,3293564927.0,Aquarius,White,Photography
REC01193,20.2,68.3,40.0,10.59,SE,1006.6,0.81,1,0,3,Station_18,62.81,Person_1193,3407527876.0,Aquarius,Yellow,Travel
REC01194,16.3,61.4,58.3,2.97,S,1004.9,2.37,16,1,2,Station_23,106.67,Person_1194,3067748410.0,Cancer,Pink,Cinema
REC01195,,78.8,38.0,2.72,N,1005.7,1.61,11,0,7,Station_5,,Person_1195,3598137960.0,Taurus,Black,Gardening
REC01196,26.4,79.5,,0.37,N,1017.5,1.2,7,5,11,Station_1,64.38,Person_1196,3311868273.0,Aries,Green,Sports
REC01197,11.4,52.5,,3.41,S,1018.3,0.96,11,6,7,Station_6,103.25,Person_1197,3538283625.0,Sagittarius,Yellow,Music
REC01198,16.1,60.9,62.6,2.32,E,1015.9,0.92,2,3,9,Station_24,69.0,Person_1198,3177586453.0,Capricorn,Gray,Hiking
REC01199,29.0,84.2,60.9,1.37,NW,1013.7,2.49,15,4,2,Station_1,55.4,Person_1199,3809561120.0,Pisces,Yellow,Sports
REC01200,36.8,98.3,61.0,3.83,E,1012.5,0.64,19,0,5,Station_12,76.19,Person_1200,3857303396.0,Taurus,Red,Sports
REC01201,27.7,81.9,42.8,1.85,S,1021.0,0.19,4,5,2,Station_17,,Person_1201,3660970820.0,Aquarius,Black,Cooking
REC01202,,61.6,49.7,1.35,NE,1012.7,2.22,11,1,5,Station_23,74.56,Person_1202,3245537051.0,Leo,Yellow,Gaming
REC01203,13.6,56.4,61.1,0.38,W,1007.8,0.65,11,6,8,Station_15,,Person_1203,3113410042.0,Cancer,Blue,Photography
REC01204,27.2,80.9,68.0,8.85,SE,1018.1,0.26,16,5,8,Station_5,61.14,Person_1204,3424833643.0,Capricorn,White,Hiking
REC01205,33.0,91.3,89.3,-5.0,NW,1017.8,0.52,13,6,1,Station_13,125.69,Person_1205,3683647348.0,Sagittarius,Blue,Gardening
REC01206,33.4,92.2,66.1,4.5,E,1006.9,0.86,5,2,11,Station_21,78.95,Person_1206,3735694218.0,Sagittarius,Red,Music
REC01207,7.5,45.4,55.7,2.43,SW,1017.6,0.57,22,4,12,Station_14,85.15,Person_1207,3104559265.0,Aquarius,Red,Music
REC01208,21.8,71.3,10.0,,SW,1023.7,1.53,1,5,5,Station_8,,Person_1208,3568472647.0,Virgo,Gray,Music
REC01209,14.1,57.4,68.1,2.53,W,1013.9,0.35,20,1,7,Station_3,89.83,Person_1209,3940631383.0,Leo,Red,Cooking
REC01210,11.4,52.5,56.8,,SE,1017.6,1.11,17,6,10,Station_14,74.44,Person_1210,3355873003.0,Leo,Yellow,Gardening
REC01211,20.3,68.6,81.1,0.24,SE,1010.9,0.3,1,5,8,Station_14,82.55,Person_1211,3531031567.0,Gemini,Blue,Cooking
REC01212,16.6,61.9,36.8,0.25,N,1015.1,0.48,8,5,8,Station_12,59.49,Person_1212,3090014069.0,Aquarius,Black,Cooking
REC01213,42.0,107.6,83.0,3.85,NE,1024.9,0.3,0,6,11,Station_20,100.96,Person_1213,3340291357.0,Libra,Orange,Cinema
REC01214,23.0,73.4,60.7,0.57,N,1014.6,0.18,23,3,1,Station_19,98.27,Person_1214,3786287812.0,Taurus,Black,Hiking
REC01215,27.3,81.1,,3.59,W,1011.7,0.15,4,4,1,Station_2,74.47,Person_1215,3449010776.0,Capricorn,Red,Cinema
REC01216,20.2,68.4,25.4,3.58,SE,1008.2,0.8,0,2,1,Station_21,76.92,Person_1216,3892517418.0,Cancer,Orange,Photography
REC01217,20.4,68.8,53.5,,SW,1012.0,0.75,3,1,7,Station_1,93.34,Person_1217,3994140407.0,Cancer,Red,Sports
REC01218,10.8,51.4,55.6,,W,1010.3,2.0,16,1,3,Station_13,47.68,Person_1218,3340543723.0,Cancer,Blue,Cinema
REC01219,33.8,92.9,51.0,6.05,NE,1009.2,0.42,17,5,5,Station_19,35.77,Person_1219,3920060419.0,Aquarius,Black,Music
REC01220,28.6,83.4,52.4,2.33,W,1022.5,0.02,13,4,10,Station_13,56.41,Person_1220,3099665856.0,Cancer,White,Hiking
REC01221,23.5,74.2,55.1,2.06,W,1015.9,1.34,7,5,3,Station_14,97.47,Person_1221,3723169748.0,Leo,Purple,Gaming
REC01222,19.9,67.9,71.6,4.89,SW,1006.6,0.65,22,3,2,Station_24,98.89,Person_1222,3647965594.0,Taurus,Black,Gaming
REC01223,20.1,68.1,44.9,0.18,N,1006.5,0.09,8,4,7,Station_1,67.85,Person_1223,3193785604.0,Virgo,Gray,Travel
REC01224,12.9,55.3,53.3,2.42,S,1018.7,0.19,7,4,9,Station_16,58.84,Person_1224,3946847359.0,Scorpio,Gray,Music
REC01225,24.5,76.1,,2.23,S,1020.9,0.42,15,3,1,Station_9,104.84,Person_1225,3391925111.0,Sagittarius,Orange,Travel
REC01226,27.7,81.8,38.6,0.4,NE,1015.7,0.7,2,1,10,Station_15,104.56,Person_1226,3327968032.0,Taurus,Pink,Music
REC01227,33.2,91.8,50.5,1.17,SE,1023.4,1.14,9,3,9,Station_24,70.61,Person_1227,3094116976.0,Cancer,Blue,Hiking
REC01228,5.5,42.0,64.6,0.12,NE,1008.7,1.58,16,6,7,Station_7,87.85,Person_1228,3377906437.0,Cancer,Green,Reading
REC01229,18.7,65.6,,3.07,NE,1017.3,2.1,2,5,3,Station_18,91.7,Person_1229,3791475042.0,Gemini,Blue,Music
REC01230,34.8,94.6,39.7,3.27,NW,1018.2,1.1,14,6,9,Station_19,82.1,Person_1230,3851034144.0,Cancer,Pink,Travel
REC01231,18.9,66.0,16.9,1.65,E,1024.7,0.87,2,3,9,Station_24,35.41,Person_1231,3363857378.0,Virgo,Red,Reading
REC01232,11.9,53.3,80.5,0.28,E,999.4,0.52,2,0,9,Station_5,119.35,Person_1232,3433481528.0,Cancer,Red,Photography
REC01233,,56.2,57.8,3.61,S,1016.7,0.39,7,0,10,Station_22,,Person_1233,3669005660.0,Aquarius,Green,Music
REC01234,21.1,70.0,82.5,1.26,SE,1018.8,1.97,23,6,2,Station_21,,Person_1234,3886633674.0,Aries,Green,Music
REC01235,16.1,60.9,44.7,4.26,SE,1009.7,1.26,18,5,12,Station_18,72.84,Person_1235,3823183641.0,Libra,Green,Cooking
REC01236,,63.2,54.9,4.31,W,1003.0,0.25,16,1,3,Station_4,66.32,Person_1236,3720181278.0,Capricorn,Pink,Reading
REC01237,,83.3,,4.05,W,1016.6,0.37,23,4,11,Station_3,96.11,Person_1237,3833391733.0,Capricorn,Gray,Music
REC01238,14.9,58.8,51.4,4.63,S,1015.6,0.18,4,4,7,Station_9,800.0,Person_1238,3323260677.0,Gemini,White,Cinema
REC01239,19.5,67.0,,,SE,1006.8,1.52,9,6,4,Station_13,81.3,Person_1239,3735413983.0,Taurus,Blue,Photography
REC01240,28.3,82.9,38.5,3.5,NE,1014.5,1.63,3,4,8,Station_4,68.94,Person_1240,3101931729.0,Aries,Purple,Sports
REC01241,,70.8,79.9,0.42,E,1010.8,0.04,20,3,9,Station_24,124.13,Person_1241,3790988288.0,Virgo,Purple,Cinema
REC01242,10.7,51.3,,1.69,N,1000.5,1.45,5,3,4,Station_7,90.2,Person_1242,3171965605.0,Taurus,Pink,Gardening
REC01243,17.9,64.3,43.2,,NW,1018.4,0.9,6,5,11,Station_5,46.62,Person_1243,3114024467.0,Scorpio,Blue,Sports
REC01244,32.4,90.4,,,NW,1011.1,1.01,13,2,4,Station_11,86.29,Person_1244,3318992989.0,Aries,Orange,Photography
REC01245,15.3,59.5,,,E,1020.8,2.58,5,3,2,Station_2,,Person_1245,3665168080.0,Virgo,Red,Gardening
REC01246,12.4,54.4,61.5,,W,1010.0,1.52,22,0,10,Station_15,112.45,Person_1246,3304593923.0,Aries,Orange,Reading
REC01247,27.8,82.0,57.4,0.08,NW,1010.0,0.64,1,1,7,Station_17,106.95,Person_1247,3253238792.0,Aries,Orange,Gaming
REC01248,,55.9,67.2,10.1,NE,1023.1,1.96,5,6,3,Station_22,82.68,Person_1248,3124662238.0,Virgo,Purple,Gardening
REC01249,28.0,82.4,,2.77,E,1024.0,1.06,3,0,1,Station_14,111.19,Person_1249,3594575231.0,Aquarius,Yellow,Photography
REC01250,19.2,66.5,41.9,0.06,S,996.2,0.28,12,5,4,Station_17,,Person_1250,3589724776.0,Sagittarius,Yellow,Cooking
REC01251,26.2,79.2,100.0,2.6,SW,1015.1,0.14,7,1,1,Station_4,118.81,Person_1251,3313778319.0,Virgo,Pink,Gaming
REC01252,22.5,72.5,66.4,0.73,W,1012.8,0.56,6,3,11,Station_24,71.77,Person_1252,3131684128.0,Scorpio,White,Gaming
REC01253,25.7,78.3,48.4,4.73,SE,1016.3,0.54,13,2,3,Station_19,76.6,Person_1253,3275910784.0,Aquarius,Green,Cooking
REC01254,26.6,80.0,70.6,2.54,W,1008.1,1.63,1,0,7,Station_12,118.75,Person_1254,3249512526.0,Virgo,Yellow,Travel
REC01255,29.3,84.7,,2.91,SE,1017.4,0.22,10,0,2,Station_16,,Person_1255,3865460056.0,Taurus,Pink,Sports
REC01256,22.9,73.3,78.9,5.43,E,988.0,0.02,7,3,6,Station_1,109.71,Person_1256,3312656467.0,Capricorn,Pink,Photography
REC01257,26.4,79.5,47.6,0.01,SE,1028.1,1.95,6,5,4,Station_9,78.5,Person_1257,3308737934.0,Leo,Yellow,Travel
REC01258,26.2,79.1,67.4,1.59,NW,1012.8,0.2,1,2,8,Station_7,102.36,Person_1258,3241798931.0,Virgo,Green,Hiking
REC01259,22.3,72.1,52.7,0.33,W,1016.6,0.32,6,2,12,Station_14,98.01,Person_1259,3340995287.0,Cancer,Purple,Cinema
REC01260,24.2,75.5,55.0,4.55,W,1004.9,0.01,12,1,3,Station_9,70.14,Person_1260,3179074791.0,Aries,Red,Reading
REC01261,24.3,75.7,46.2,0.77,S,1009.3,0.78,8,3,4,Station_16,79.13,Person_1261,3612536175.0,Virgo,Purple,Gardening
REC01262,,87.8,49.1,1.71,SE,995.1,0.72,0,5,8,Station_8,,Person_1262,3532637674.0,Taurus,Blue,Cooking
REC01263,28.1,82.5,,2.2,N,1008.7,0.76,23,0,1,Station_18,69.04,Person_1263,3902227919.0,Cancer,Black,Reading
REC01264,14.5,58.1,47.4,1.61,SE,1016.8,0.94,23,6,11,Station_2,68.33,Person_1264,3675838030.0,Libra,Orange,Photography
REC01265,11.1,52.0,37.6,0.23,N,1020.2,1.05,13,4,5,Station_18,72.5,Person_1265,3392757071.0,Scorpio,Purple,Cinema
REC01266,24.8,76.7,48.6,9.42,SE,1011.1,0.79,14,2,12,Station_4,,Person_1266,3255753136.0,Aries,Yellow,Cinema
REC01267,14.1,57.4,59.7,,NE,1016.1,0.73,13,5,7,Station_6,89.83,Person_1267,3523514807.0,Virgo,Pink,Gardening
REC01268,27.6,81.7,65.1,4.36,NE,1015.7,1.19,4,6,6,Station_21,76.76,Person_1268,3478618733.0,Sagittarius,Red,Cinema
REC01269,23.5,74.4,57.1,0.27,NE,1015.4,1.89,5,3,11,Station_22,87.12,Person_1269,3209842380.0,Pisces,Red,Music
REC01270,14.4,57.9,47.8,0.77,SW,1008.8,0.6,3,3,11,Station_1,98.54,Person_1270,3316511022.0,Sagittarius,Pink,Sports
REC01271,35.7,96.3,59.1,0.74,N,1016.5,0.22,22,4,1,Station_20,79.78,Person_1271,3812905879.0,Libra,Black,Cooking
REC01272,17.8,64.0,72.9,0.05,E,1016.4,0.18,8,2,12,Station_5,99.57,Person_1272,3380990668.0,Libra,Gray,Hiking
REC01273,24.0,75.1,55.8,2.09,SW,1011.3,0.11,23,3,6,Station_19,81.45,Person_1273,3816026049.0,Taurus,Purple,Cooking
REC01274,24.1,75.4,56.6,0.11,SE,1010.4,2.48,17,0,6,Station_13,58.22,Person_1274,3912171021.0,Virgo,Green,Reading
REC01275,17.5,63.5,68.7,3.87,E,1012.8,0.4,22,1,1,Station_4,59.32,Person_1275,3124580674.0,Aries,White,Hiking
REC01276,24.5,76.1,62.8,0.43,W,1016.7,0.31,13,5,3,Station_22,70.75,Person_1276,3848789946.0,Sagittarius,Black,Cooking
REC01277,13.1,55.6,83.6,11.07,W,1021.7,0.9,18,2,1,Station_22,87.57,Person_1277,3206994571.0,Leo,Green,Hiking
REC01278,,75.0,51.5,0.84,SE,1015.0,3.05,19,1,5,Station_24,93.22,Person_1278,3828407973.0,Aries,Black,Cooking
REC01279,18.2,64.8,34.8,1.94,SW,1001.7,0.24,21,2,8,Station_10,52.8,Person_1279,3054579911.0,Aquarius,White,Cooking
REC01280,16.7,62.1,73.6,3.86,NE,1019.0,1.64,11,1,4,Station_17,94.75,Person_1280,3274692026.0,Virgo,Yellow,Cooking
REC01281,25.4,77.8,51.9,8.06,NE,1010.5,3.39,16,0,7,Station_23,80.15,Person_1281,3358072077.0,Leo,Yellow,Music
REC01282,28.0,82.4,,2.76,SW,1013.7,1.91,11,5,11,Station_6,80.49,Person_1282,3371545326.0,Cancer,Pink,Reading
REC01283,15.6,60.2,,1.25,E,1002.6,1.89,6,4,1,Station_3,115.92,Person_1283,3774835656.0,Taurus,Blue,Music
REC01284,13.6,56.5,62.6,3.07,N,1015.6,2.06,20,2,3,Station_13,83.7,Person_1284,3446318988.0,Aquarius,White,Music
REC01285,29.5,85.2,80.9,9.37,E,1026.6,0.76,16,6,11,Station_20,,Person_1285,3352692458.0,Pisces,Orange,Gaming
REC01286,10.5,50.9,49.7,3.99,N,1025.1,0.4,11,3,3,Station_10,77.75,Person_1286,3102839041.0,Aries,Pink,Cinema
REC01287,17.0,62.7,43.2,2.2,S,1020.1,0.04,2,4,9,Station_22,86.06,Person_1287,3854084197.0,Aquarius,Red,Sports
REC01288,17.9,64.2,73.0,3.12,N,994.4,1.51,11,6,5,Station_4,85.24,Person_1288,3586924108.0,Virgo,Yellow,Gaming
REC01289,19.8,67.6,43.7,3.19,SW,1016.6,0.02,6,5,11,Station_20,44.79,Person_1289,3844067312.0,Gemini,Black,Travel
REC01290,25.7,78.3,74.7,3.04,E,1007.6,0.3,19,4,12,Station_10,67.76,Person_1290,3166331566.0,Scorpio,Gray,Hiking
REC01291,20.8,69.5,47.7,11.98,W,1012.2,0.89,19,2,7,Station_8,46.02,Person_1291,3869933697.0,Gemini,Gray,Hiking
REC01292,32.3,90.2,66.0,6.06,NW,1014.1,0.11,3,1,12,Station_12,131.2,Person_1292,3552859555.0,Scorpio,Black,Gaming
REC01293,28.3,83.0,59.1,0.71,NW,1011.5,0.85,12,3,11,Station_19,95.84,Person_1293,3261403631.0,Libra,Red,Photography
REC01294,30.7,87.3,40.2,2.84,E,1015.5,0.98,14,2,8,Station_19,,Person_1294,3407341899.0,Pisces,Yellow,Cinema
REC01295,26.0,78.8,59.4,1.2,NE,1022.1,0.16,9,6,3,Station_13,72.83,Person_1295,3563975199.0,Leo,Red,Reading
REC01296,23.4,74.1,58.5,3.01,W,1023.9,0.86,22,6,3,Station_15,81.62,Person_1296,3500905534.0,Gemini,Green,Hiking
REC01297,21.1,70.0,77.5,13.22,SW,1012.6,0.51,1,5,12,Station_10,76.95,Person_1297,3744780677.0,Gemini,Black,Music
REC01298,,64.0,,1.29,SE,1007.6,0.39,23,1,12,Station_10,66.75,Person_1298,3455798327.0,Pisces,Yellow,Travel
REC01299,27.2,81.0,49.3,1.21,SW,1012.2,2.27,8,0,8,Station_13,,Person_1299,3106457797.0,Cancer,Orange,Gardening
REC01300,25.6,78.1,58.1,0.72,NE,1014.6,2.33,11,2,2,Station_22,78.3,Person_1300,3926238967.0,Pisces,Purple,Travel
REC01301,19.0,66.1,70.1,3.36,W,1007.7,0.03,4,5,10,Station_22,64.36,Person_1301,3685618952.0,Scorpio,Yellow,Sports
REC01302,,76.4,52.6,6.4,N,1016.8,0.17,10,0,4,Station_12,75.99,Person_1302,3441587993.0,Pisces,Black,Hiking
REC01303,22.2,72.0,100.0,0.46,NE,1014.5,1.36,3,1,4,Station_10,147.44,Person_1303,3421115405.0,Virgo,Black,Travel
REC01304,11.0,51.8,56.4,1.13,NE,1019.9,0.42,17,4,7,Station_23,86.27,Person_1304,3653228725.0,Aquarius,Black,Reading
REC01305,19.9,67.7,58.3,2.34,NE,1020.8,0.32,6,6,6,Station_23,58.96,Person_1305,3631418449.0,Cancer,Orange,Sports
REC01306,18.9,66.1,42.4,1.01,NW,1023.1,0.92,12,2,11,Station_2,55.58,Person_1306,3288782124.0,Sagittarius,Black,Gardening
REC01307,,67.3,68.0,,SE,1019.9,0.27,23,5,4,Station_19,64.27,Person_1307,3014422212.0,Gemini,Gray,Travel
REC01308,13.6,56.5,78.7,4.19,NE,1016.4,0.48,7,4,2,Station_13,72.23,Person_1308,3243696635.0,Virgo,Purple,Travel
REC01309,,54.5,35.8,0.92,NW,1024.8,0.28,18,5,1,Station_20,66.69,Person_1309,3829081919.0,Sagittarius,Red,Gaming
REC01310,17.9,64.2,50.0,3.41,N,1012.8,0.23,7,0,2,Station_2,,Person_1310,3053389553.0,Gemini,Purple,Cinema
REC01311,17.5,63.4,62.5,3.93,S,1026.0,2.53,13,1,7,Station_20,65.34,Person_1311,3130683041.0,Pisces,Pink,Cooking
REC01312,22.8,73.0,81.1,1.42,NE,1018.0,0.26,11,6,3,Station_22,,Person_1312,3257962477.0,Gemini,Black,Travel
REC01313,20.0,68.0,65.6,5.22,E,1018.6,2.54,8,3,2,Station_17,84.72,Person_1313,3892341343.0,Aquarius,White,Cinema
REC01314,18.2,64.8,76.1,6.25,N,1014.6,0.1,5,6,9,Station_14,78.78,Person_1314,3522529099.0,Scorpio,Yellow,Reading
REC01315,33.6,92.5,38.2,0.9,NW,1016.7,0.28,4,5,3,Station_13,87.24,Person_1315,3863669037.0,Cancer,Red,Gardening
REC01316,22.3,72.1,53.1,3.78,S,1014.7,0.82,2,6,10,Station_3,66.39,Person_1316,3277643315.0,Leo,Pink,Gardening
REC01317,15.7,60.3,82.2,3.19,S,1012.8,0.72,20,1,9,Station_2,107.15,Person_1317,3820980593.0,Leo,Red,Gardening
REC01318,21.8,71.3,75.0,3.73,SW,1005.8,0.71,18,2,9,Station_15,93.59,Person_1318,3850904792.0,Leo,Pink,Sports
REC01319,25.0,77.1,46.0,,W,1019.9,2.64,2,0,10,Station_2,37.97,Person_1319,3989105047.0,Capricorn,Black,Cooking
REC01320,22.0,71.6,54.2,,W,1011.8,0.95,17,2,2,Station_6,96.34,Person_1320,3387990753.0,Aries,Red,Travel
REC01321,,54.8,60.8,0.03,W,1002.8,0.79,6,3,9,Station_19,80.84,Person_1321,3432027881.0,Aries,Yellow,Cinema
REC01322,25.7,78.3,86.8,4.76,SW,1005.9,0.64,14,1,3,Station_24,116.18,Person_1322,3263154735.0,Libra,White,Cooking
REC01323,26.8,80.3,42.2,2.74,S,1011.8,0.24,12,1,8,Station_8,44.98,Person_1323,3935573365.0,Aries,Blue,Travel
REC01324,7.1,44.7,92.9,0.21,E,1023.1,0.53,19,6,3,Station_2,125.97,Person_1324,3746564935.0,Libra,Gray,Hiking
REC01325,23.3,73.9,60.8,1.03,SE,1011.2,1.18,22,3,4,Station_7,89.02,Person_1325,3037245492.0,Sagittarius,White,Hiking
REC01326,,65.0,84.9,0.96,NE,1010.3,0.3,20,1,1,Station_23,128.76,Person_1326,3191195055.0,Sagittarius,Orange,Gardening
REC01327,14.3,57.7,46.2,0.3,N,1008.8,0.57,8,1,2,Station_6,77.67,Person_1327,3624498411.0,Libra,Blue,Photography
REC01328,39.5,103.1,76.2,,NW,1030.2,0.72,7,0,3,Station_20,78.97,Person_1328,3698786765.0,Pisces,Green,Cinema
REC01329,35.0,95.1,65.0,2.07,N,1012.7,0.59,21,0,1,Station_8,,Person_1329,3854447976.0,Aries,Red,Gardening
REC01330,23.2,73.8,100.0,2.39,NW,999.6,1.08,1,2,6,Station_22,112.1,Person_1330,3159699665.0,Libra,Gray,Sports
REC01331,16.9,62.3,51.7,6.82,N,1025.8,0.29,0,1,6,Station_6,72.68,Person_1331,3159261636.0,Leo,Purple,Hiking
REC01332,24.6,76.3,73.5,0.99,NW,1021.3,0.44,14,5,1,Station_22,91.33,Person_1332,3554756992.0,Cancer,White,Reading
REC01333,30.4,86.7,,0.38,SW,1012.7,0.08,12,3,9,Station_16,73.97,Person_1333,3643166813.0,Virgo,Pink,Hiking
REC01334,25.9,78.7,40.8,,W,1009.2,2.05,0,1,10,Station_5,93.8,Person_1334,3462316490.0,Cancer,Purple,Photography
REC01335,27.2,80.9,,0.7,W,1020.8,1.15,6,3,4,Station_5,51.25,Person_1335,3402042224.0,Taurus,White,Cooking
REC01336,15.1,59.3,52.4,,SW,1006.0,0.45,16,0,9,Station_17,64.03,Person_1336,3010974938.0,Aquarius,Orange,Sports
REC01337,26.7,80.0,96.7,1.89,NW,1014.9,1.05,1,4,5,Station_12,,Person_1337,3887902073.0,Sagittarius,Pink,Gardening
REC01338,29.4,84.9,56.0,0.23,NW,1002.2,4.15,8,4,8,Station_20,84.73,Person_1338,3215006216.0,Virgo,Blue,Cinema
REC01339,25.4,77.7,45.9,7.45,N,1024.3,0.29,14,0,11,Station_6,67.07,Person_1339,3393787299.0,Aquarius,Black,Cinema
REC01340,27.5,81.6,55.4,15.64,NW,1006.7,0.8,15,4,6,Station_19,40.36,Person_1340,3863030296.0,Gemini,Green,Hiking
REC01341,18.1,64.6,49.7,1.49,N,1012.7,0.64,23,2,9,Station_24,96.24,Person_1341,3009136597.0,Aries,Purple,Travel
REC01342,13.4,56.2,64.5,,SE,1015.1,0.65,19,4,6,Station_11,69.22,Person_1342,3700879972.0,Capricorn,Pink,Music
REC01343,16.0,60.7,47.3,5.08,N,1016.0,1.35,9,2,3,Station_20,45.16,Person_1343,3385541643.0,Scorpio,Gray,Travel
REC01344,21.3,70.4,83.1,0.54,E,1027.6,0.47,2,4,6,Station_21,88.02,Person_1344,3844653538.0,Pisces,Purple,Gardening
REC01345,26.1,78.9,64.1,0.56,SW,1018.6,0.39,6,2,6,Station_12,,Person_1345,3187096992.0,Virgo,White,Photography
REC01346,20.0,68.0,72.8,4.4,NW,1001.5,1.64,8,0,3,Station_3,91.5,Person_1346,3913969318.0,Taurus,White,Music
REC01347,30.8,87.4,62.0,8.21,S,1004.7,0.94,0,6,10,Station_24,,Person_1347,3214341958.0,Scorpio,Red,Music
REC01348,28.9,84.1,63.0,2.18,NE,1009.6,0.41,11,2,12,Station_4,80.04,Person_1348,3901317899.0,Capricorn,White,Travel
REC01349,30.4,86.7,49.3,0.63,SE,1003.1,0.48,12,2,1,Station_6,73.77,Person_1349,3437584990.0,Gemini,White,Photography
REC01350,33.9,93.1,,0.93,S,1016.5,0.86,23,6,7,Station_15,88.74,Person_1350,3934924088.0,Aquarius,Blue,Sports
REC01351,32.8,91.0,74.3,1.27,NW,1024.2,1.27,12,0,8,Station_6,74.43,Person_1351,3750020330.0,Aries,Yellow,Cinema
REC01352,34.1,93.5,50.1,0.72,SW,1031.9,0.53,2,0,4,Station_12,85.79,Person_1352,3960248371.0,Cancer,Gray,Sports
REC01353,30.9,87.7,89.1,2.39,NW,1025.9,0.28,0,0,12,Station_15,117.54,Person_1353,3741272679.0,Virgo,Blue,Photography
REC01354,30.7,87.3,28.3,2.38,NW,1023.1,0.56,1,5,8,Station_23,57.68,Person_1354,3912188495.0,Gemini,Gray,Photography
REC01355,21.6,70.9,52.9,1.35,SE,1009.8,1.13,8,0,8,Station_22,,Person_1355,3972568909.0,Cancer,Red,Cinema
REC01356,22.7,72.9,87.9,2.8,NW,1028.6,0.4,8,5,11,Station_22,77.28,Person_1356,3614257715.0,Cancer,Orange,Photography
REC01357,23.6,74.5,52.3,0.09,NW,1017.6,1.92,7,4,11,Station_1,,Person_1357,3324055508.0,Cancer,Black,Cinema
REC01358,22.5,72.4,60.2,1.76,N,1014.7,0.83,11,1,1,Station_24,62.28,Person_1358,3799332862.0,Scorpio,Orange,Reading
REC01359,11.4,52.4,69.1,1.06,SE,1007.0,1.38,4,6,1,Station_2,91.21,Person_1359,3783600656.0,Cancer,Yellow,Sports
REC01360,24.7,76.5,,4.98,SW,1023.7,1.97,14,2,5,Station_14,76.49,Person_1360,3477318351.0,Libra,Orange,Cinema
REC01361,29.1,84.3,57.9,0.76,NW,1026.4,0.39,6,3,8,Station_14,,Person_1361,3694096371.0,Taurus,Orange,Cooking
REC01362,16.6,61.8,71.6,20.74,W,1022.7,1.1,16,2,7,Station_11,62.83,Person_1362,3410928771.0,Aquarius,Orange,Hiking
REC01363,17.9,64.2,66.2,0.03,E,1000.9,0.55,23,3,2,Station_7,,Person_1363,3898771656.0,Aries,Red,Cinema
REC01364,23.2,73.7,79.0,0.71,N,1004.1,3.17,6,5,5,Station_24,106.26,Person_1364,3507282681.0,Libra,Pink,Gaming
REC01365,,51.3,72.8,1.07,SE,1001.5,0.89,7,4,11,Station_10,86.96,Person_1365,3141159348.0,Gemini,Orange,Cooking
REC01366,10.4,50.7,43.1,1.82,E,1013.7,0.13,22,2,8,Station_24,66.92,Person_1366,3006134679.0,Pisces,Gray,Music
REC01367,17.0,62.5,46.6,2.27,E,1017.1,0.19,7,6,11,Station_2,39.45,Person_1367,3268667366.0,Aries,Blue,Gardening
REC01368,19.8,67.7,47.4,0.74,S,1019.9,0.3,15,2,5,Station_11,53.05,Person_1368,3784186697.0,Taurus,Green,Reading
REC01369,16.8,62.3,66.9,,SE,1015.7,1.12,4,2,9,Station_24,60.75,Person_1369,3370044757.0,Leo,Orange,Gaming
REC01370,19.5,67.1,69.6,0.92,SW,1010.4,0.2,10,4,12,Station_8,80.59,Person_1370,3397402641.0,Libra,White,Music
REC01371,17.3,63.1,53.3,0.13,N,1009.7,0.04,3,6,2,Station_6,77.67,Person_1371,3365388994.0,Aries,Blue,Reading
REC01372,24.3,75.8,83.0,3.49,SE,1012.6,1.48,5,5,1,Station_24,106.17,Person_1372,3706656315.0,Virgo,Black,Gaming
REC01373,7.4,45.3,37.0,5.22,NE,1005.1,3.59,9,3,8,Station_1,64.29,Person_1373,3666792010.0,Virgo,Yellow,Sports
REC01374,12.8,55.1,57.6,1.57,NW,1014.2,0.02,14,3,11,Station_2,,Person_1374,3201637332.0,Virgo,Red,Hiking
REC01375,,87.0,44.8,0.36,SW,1013.7,0.03,0,1,1,Station_17,82.78,Person_1375,3602548256.0,Aquarius,Purple,Sports
REC01376,18.7,65.6,43.0,2.27,SE,1014.4,1.63,10,4,3,Station_4,64.72,Person_1376,3914636156.0,Aries,Gray,Hiking
REC01377,21.8,71.2,34.1,1.42,S,1017.8,0.34,16,2,4,Station_11,42.57,Person_1377,3241901883.0,Cancer,White,Photography
REC01378,33.6,92.5,50.0,0.46,NW,1014.7,1.74,1,1,2,Station_4,71.31,Person_1378,3711961230.0,Libra,Purple,Reading
REC01379,15.5,59.8,83.2,3.13,S,1020.0,0.85,10,6,8,Station_20,93.49,Person_1379,3071928248.0,Pisces,Pink,Travel
REC01380,28.6,83.5,,1.74,W,1005.2,1.31,9,3,12,Station_14,,Person_1380,3592149275.0,Taurus,White,Photography
REC01381,19.4,67.0,28.0,1.9,NE,1014.5,0.06,23,5,12,Station_20,43.37,Person_1381,3821798648.0,Aries,Blue,Cooking
REC01382,18.3,65.0,63.4,0.23,N,1016.8,1.22,11,3,11,Station_8,69.41,Person_1382,3583718738.0,Libra,Black,Reading
REC01383,22.6,72.6,71.1,10.51,SE,1027.4,0.56,3,4,12,Station_12,76.8,Person_1383,3647559310.0,Libra,White,Cooking
REC01384,18.5,65.4,45.4,,SW,1021.7,1.71,3,4,8,Station_5,76.03,Person_1384,3970447991.0,Aquarius,Purple,Music
REC01385,20.7,69.2,54.6,1.63,N,992.5,1.21,4,3,3,Station_23,71.77,Person_1385,3406876287.0,Pisces,Yellow,Gaming
REC01386,28.7,83.7,50.1,3.81,NW,1013.5,1.12,14,3,12,Station_23,,Person_1386,3759733283.0,Aries,Green,Gardening
REC01387,29.2,84.5,,0.53,NW,1021.5,0.65,17,0,7,Station_15,88.96,Person_1387,3206268367.0,Taurus,Black,Hiking
REC01388,8.3,47.0,61.9,0.65,NE,1009.0,0.63,19,0,6,Station_7,87.41,Person_1388,3795764592.0,Cancer,Blue,Travel
REC01389,22.4,72.3,42.3,2.21,NW,994.8,0.59,10,0,5,Station_2,60.42,Person_1389,3652219223.0,Aquarius,Pink,Photography
REC01390,20.5,69.0,69.6,2.86,N,1008.6,2.71,2,2,10,Station_15,81.01,Person_1390,3958810220.0,Sagittarius,Gray,Cooking
REC01391,11.0,51.9,61.5,7.49,N,1004.3,0.11,12,1,3,Station_17,52.71,Person_1391,3377788269.0,Taurus,White,Sports
REC01392,34.6,94.3,56.0,5.26,SE,1014.7,0.82,9,2,7,Station_6,84.69,Person_1392,3913617899.0,Virgo,Black,Reading
REC01393,30.2,86.4,,0.34,W,1021.4,0.79,4,2,3,Station_3,63.47,Person_1393,3431206375.0,Taurus,Gray,Gaming
REC01394,,83.9,64.2,,S,1007.3,0.7,7,6,3,Station_19,68.96,Person_1394,3509896874.0,Libra,Purple,Photography
REC01395,30.8,87.4,50.9,4.45,S,1010.2,0.17,7,4,6,Station_23,65.09,Person_1395,3500640124.0,Pisces,Purple,Gaming
REC01396,28.5,83.2,44.7,1.63,E,999.1,1.95,15,5,2,Station_21,82.09,Person_1396,3466003081.0,Pisces,Yellow,Music
REC01397,26.1,79.0,49.4,0.11,E,1018.9,0.82,5,6,12,Station_21,53.83,Person_1397,3998162885.0,Gemini,Blue,Cooking
REC01398,17.9,64.3,33.6,3.37,SE,1009.1,0.2,7,1,12,Station_20,43.38,Person_1398,3571621487.0,Sagittarius,Purple,Cinema
REC01399,29.2,84.6,70.5,0.78,N,1009.5,0.57,9,4,10,Station_4,88.37,Person_1399,3600145707.0,Virgo,Yellow,Cooking
REC01400,,70.9,66.2,1.89,N,1027.0,0.19,9,5,3,Station_19,68.5,Person_1400,3687658390.0,Gemini,Yellow,Photography
REC01401,25.3,77.6,49.0,,NW,1023.2,0.06,11,4,1,Station_18,72.74,Person_1401,3111833496.0,Libra,Purple,Reading
REC01402,33.2,91.7,32.1,1.64,NE,1003.7,0.34,16,5,3,Station_3,43.75,Person_1402,3050686592.0,Capricorn,Red,Reading
REC01403,34.6,94.3,29.3,3.26,NE,1008.7,1.98,0,4,12,Station_12,89.95,Person_1403,3846635203.0,Virgo,Red,Sports
REC01404,16.6,61.9,,0.53,N,1016.2,2.83,7,3,9,Station_1,41.73,Person_1404,3462079855.0,Pisces,Yellow,Cooking
REC01405,23.3,73.9,66.2,9.16,SE,1013.6,0.64,4,2,11,Station_24,87.14,Person_1405,3295956224.0,Capricorn,Red,Reading
REC01406,11.2,52.2,,1.48,S,992.7,0.56,7,0,7,Station_14,101.24,Person_1406,3445302160.0,Cancer,Purple,Reading
REC01407,22.0,71.5,,1.6,SE,1006.7,0.54,7,2,2,Station_6,104.45,Person_1407,3084263021.0,Libra,Yellow,Music
REC01408,22.9,73.3,64.4,0.58,SE,1011.2,1.07,14,6,1,Station_9,,Person_1408,3645045167.0,Taurus,Yellow,Cooking
REC01409,25.3,77.6,57.1,5.59,SW,1017.2,0.95,4,6,2,Station_16,71.71,Person_1409,3959199603.0,Sagittarius,Gray,Gaming
REC01410,22.7,72.9,51.2,2.0,NE,1003.1,1.41,15,6,4,Station_13,50.05,Person_1410,3548428071.0,Gemini,Blue,Cooking
REC01411,16.3,61.4,,1.48,SE,1016.4,0.31,6,3,8,Station_8,90.71,Person_1411,3459253907.0,Libra,Black,Photography
REC01412,19.9,67.9,69.1,6.67,S,1027.6,0.15,2,0,9,Station_10,76.97,Person_1412,3242191697.0,Gemini,Purple,Reading
REC01413,24.1,75.3,53.2,2.89,N,1020.3,0.36,4,4,4,Station_15,,Person_1413,3114604416.0,Aquarius,Yellow,Sports
REC01414,21.1,70.0,54.0,0.29,S,994.4,2.45,6,1,9,Station_21,,Person_1414,3210189996.0,Libra,Gray,Gardening
REC01415,28.2,82.7,34.8,11.01,W,1012.1,1.06,0,2,6,Station_4,64.41,Person_1415,3620754050.0,Taurus,Yellow,Reading
REC01416,,52.1,,2.63,NE,1025.8,0.17,18,3,8,Station_2,90.0,Person_1416,3182801227.0,Scorpio,Orange,Photography
REC01417,28.9,84.0,71.9,8.78,SW,1022.7,0.31,0,2,8,Station_8,106.73,Person_1417,3653826439.0,Aquarius,Orange,Photography
REC01418,22.2,71.9,51.6,1.83,N,1018.1,0.3,12,3,11,Station_7,87.38,Person_1418,3133511473.0,Aries,Orange,Gaming
REC01419,,88.4,53.9,2.36,NW,1011.2,0.66,23,5,10,Station_11,65.51,Person_1419,3806829809.0,Cancer,Red,Photography
REC01420,,69.3,50.5,1.32,SE,1015.0,0.14,19,5,4,Station_8,37.16,Person_1420,3740411167.0,Virgo,Orange,Cooking
REC01421,5.4,41.6,59.1,1.52,S,1018.2,3.28,8,0,9,Station_23,61.9,Person_1421,3097908556.0,Gemini,Purple,Sports
REC01422,16.0,60.8,46.5,,NE,1012.0,0.25,14,4,6,Station_1,78.87,Person_1422,3269124128.0,Sagittarius,Green,Travel
REC01423,19.3,66.7,58.8,5.71,NE,1016.5,0.92,19,6,9,Station_10,78.06,Person_1423,3001003529.0,Cancer,Black,Gardening
REC01424,26.8,80.2,44.2,1.09,NW,1000.8,2.01,9,0,3,Station_11,60.5,Person_1424,3788403077.0,Sagittarius,Purple,Reading
REC01425,20.3,68.5,54.1,2.97,S,1010.5,0.85,1,4,3,Station_13,77.92,Person_1425,3933585264.0,Aquarius,Pink,Photography
REC01426,19.3,66.8,56.4,5.07,E,1006.4,0.66,3,5,5,Station_12,,Person_1426,3649896262.0,Leo,Green,Photography
REC01427,,60.8,,10.77,W,1013.0,1.94,5,6,3,Station_9,76.92,Person_1427,3468635504.0,Pisces,Black,Sports
REC01428,32.8,91.1,100.0,0.75,S,1011.3,1.48,4,6,10,Station_18,118.9,Person_1428,3889831825.0,Cancer,Green,Music
REC01429,18.5,65.3,47.2,,S,1010.7,0.58,21,2,3,Station_17,87.62,Person_1429,3929382933.0,Pisces,Purple,Cinema
REC01430,26.5,79.8,89.1,0.22,W,1020.1,0.95,11,5,12,Station_13,91.88,Person_1430,3297317518.0,Gemini,Green,Sports
REC01431,22.0,71.6,55.3,4.93,NE,1002.4,0.8,3,0,10,Station_13,97.22,Person_1431,3649785784.0,Taurus,Orange,Music
REC01432,,53.2,61.7,11.76,S,1016.4,0.21,8,2,11,Station_3,66.82,Person_1432,3957565495.0,Libra,Gray,Gaming
REC01433,9.1,48.3,75.3,0.55,SW,1020.8,0.59,19,4,10,Station_21,,Person_1433,3552504382.0,Capricorn,Yellow,Cooking
REC01434,22.6,72.7,,0.66,SE,1017.6,1.05,16,5,7,Station_11,73.23,Person_1434,3646089957.0,Virgo,White,Gaming
REC01435,34.6,94.3,45.6,2.83,S,1017.3,0.18,6,1,5,Station_6,62.48,Person_1435,3746626466.0,Aquarius,White,Music
REC01436,18.4,65.1,80.9,1.24,SE,1024.4,0.41,11,4,6,Station_21,80.94,Person_1436,3113775580.0,Aquarius,Red,Cinema
REC01437,12.7,54.9,47.8,0.32,N,1030.3,0.28,2,6,11,Station_19,72.39,Person_1437,3982637226.0,Gemini,Blue,Reading
REC01438,20.9,69.6,43.0,2.9,S,1007.1,0.25,11,4,8,Station_12,48.25,Person_1438,3064609384.0,Pisces,Black,Gaming
REC01439,,71.9,61.8,6.25,SW,1021.9,0.9,4,4,8,Station_8,,Person_1439,3191637217.0,Pisces,Black,Travel
REC01440,,61.5,59.2,3.73,N,1011.7,0.06,19,3,11,Station_1,97.43,Person_1440,3880820450.0,Gemini,Black,Gaming
REC01441,30.9,87.6,64.7,1.25,N,1016.9,0.74,21,2,5,Station_22,95.71,Person_1441,3757428797.0,Aries,Yellow,Cinema
REC01442,,63.8,27.7,2.07,N,1017.6,0.26,20,0,11,Station_15,41.19,Person_1442,3515454886.0,Gemini,Gray,Cooking
REC01443,18.8,65.8,,2.62,NW,1013.9,0.77,1,5,1,Station_14,73.96,Person_1443,3935550891.0,Virgo,Orange,Photography
REC01444,26.8,80.3,,7.29,SE,1006.9,0.7,5,6,3,Station_1,97.01,Person_1444,3944628949.0,Scorpio,Red,Gardening
REC01445,,69.2,47.9,2.01,N,1013.1,0.15,12,5,10,Station_17,79.32,Person_1445,3748633805.0,Leo,Purple,Cooking
REC01446,26.4,79.5,64.7,0.72,NW,1017.3,0.38,8,5,11,Station_2,,Person_1446,3009100126.0,Aries,Gray,Music
REC01447,,57.9,,1.32,N,1014.9,0.39,16,4,12,Station_24,91.74,Person_1447,3828467837.0,Capricorn,Purple,Gardening
REC01448,23.3,73.9,,2.71,N,1017.0,0.64,19,1,4,Station_6,58.42,Person_1448,3977097331.0,Aquarius,White,Cooking
REC01449,14.3,57.7,96.4,0.45,N,1023.7,1.07,8,1,9,Station_17,117.6,Person_1449,3814806661.0,Scorpio,Purple,Cooking
REC01450,35.9,96.6,66.2,1.19,NW,1016.5,1.65,0,4,5,Station_20,113.07,Person_1450,3435058407.0,Scorpio,Purple,Music
REC01451,23.5,74.4,52.3,,N,1012.2,3.32,21,1,7,Station_24,75.11,Person_1451,3966737995.0,Pisces,Red,Reading
REC01452,20.6,69.2,65.4,3.4,NE,1013.9,0.87,23,4,4,Station_22,63.07,Person_1452,3232863942.0,Sagittarius,Orange,Photography
REC01453,12.5,54.5,,2.21,SW,1004.8,0.12,12,6,10,Station_14,74.24,Person_1453,3429065104.0,Aries,White,Cooking
REC01454,24.1,75.4,69.3,7.03,SE,1001.9,0.78,9,2,11,Station_1,79.56,Person_1454,3036629088.0,Aries,Black,Music
REC01455,12.9,55.2,64.3,2.8,SE,1018.7,0.11,4,2,3,Station_3,92.31,Person_1455,3868268200.0,Pisces,Pink,Gaming
REC01456,,72.0,,2.32,E,1009.3,1.81,12,4,12,Station_18,86.06,Person_1456,3276182823.0,Aries,Purple,Gaming
REC01457,13.6,56.5,63.7,1.0,W,1029.3,1.14,18,2,12,Station_24,57.69,Person_1457,3108289321.0,Sagittarius,Red,Sports
REC01458,19.5,67.2,70.7,2.51,NW,1009.0,1.57,22,4,7,Station_1,57.56,Person_1458,3592412709.0,Pisces,Pink,Music
REC01459,19.6,67.3,55.2,,N,1012.9,1.17,14,6,12,Station_3,40.4,Person_1459,3992688431.0,Capricorn,Red,Travel
REC01460,,66.3,58.8,3.91,E,1020.6,0.05,15,0,6,Station_10,,Person_1460,3967168680.0,Taurus,Red,Reading
REC01461,17.8,64.1,79.5,0.6,NE,1011.0,0.75,17,4,9,Station_2,96.24,Person_1461,3512166623.0,Sagittarius,Green,Photography
REC01462,24.9,76.7,54.8,2.41,NE,1006.9,0.6,23,6,9,Station_7,109.46,Person_1462,3131492885.0,Pisces,Gray,Cinema
REC01463,28.7,83.7,61.3,2.87,NE,1011.4,2.06,1,0,6,Station_19,68.48,Person_1463,3457643627.0,Pisces,White,Cinema
REC01464,25.6,78.0,63.7,0.1,E,1022.5,0.17,23,5,6,Station_9,95.74,Person_1464,3794111184.0,Aquarius,Yellow,Hiking
REC01465,11.2,52.2,48.0,0.98,E,1016.9,2.26,14,3,10,Station_14,93.56,Person_1465,3995612424.0,Gemini,Black,Photography
REC01466,12.4,54.4,,,W,1004.3,0.25,5,1,11,Station_13,80.0,Person_1466,3936709952.0,Capricorn,Black,Sports
REC01467,19.6,67.3,72.4,1.82,S,1001.8,1.03,22,0,6,Station_20,54.22,Person_1467,3567745630.0,Libra,Blue,Reading
REC01468,20.4,68.7,70.1,6.46,W,1026.2,0.1,9,1,2,Station_23,89.58,Person_1468,3803370977.0,Pisces,Orange,Sports
REC01469,17.0,62.6,51.0,4.91,NE,1022.9,0.46,9,3,2,Station_21,63.4,Person_1469,3141969293.0,Cancer,Black,Reading
REC01470,16.9,62.4,39.2,0.2,SW,1009.4,2.48,13,4,9,Station_10,43.59,Person_1470,3462584882.0,Sagittarius,Orange,Music
REC01471,21.2,70.1,,6.69,W,1000.9,0.36,4,1,4,Station_18,64.98,Person_1471,3256595905.0,Virgo,Yellow,Travel
REC01472,25.5,78.0,,0.78,SW,1005.1,0.02,23,5,2,Station_24,108.29,Person_1472,3754266270.0,Virgo,Yellow,Cooking
REC01473,21.8,71.2,77.4,0.18,N,1025.3,1.18,5,4,9,Station_6,,Person_1473,3771363647.0,Cancer,Pink,Hiking
REC01474,13.5,56.2,71.3,0.06,E,1014.0,1.01,18,4,1,Station_14,72.38,Person_1474,3851918497.0,Cancer,Blue,Sports
REC01475,23.2,73.8,,1.2,SE,1010.7,2.69,4,2,4,Station_18,75.82,Person_1475,3523728543.0,Scorpio,Red,Travel
REC01476,14.1,57.4,69.2,0.57,S,1011.6,1.15,17,2,6,Station_19,87.39,Person_1476,3215082161.0,Cancer,Green,Photography
REC01477,28.9,84.1,61.3,0.15,SE,1021.0,0.05,4,3,8,Station_24,,Person_1477,3872615314.0,Scorpio,Orange,Sports
REC01478,25.9,78.6,72.7,1.3,SW,1013.3,0.79,21,3,5,Station_17,91.57,Person_1478,3569003366.0,Aries,Yellow,Cooking
REC01479,16.5,61.7,68.9,,N,986.7,1.59,3,4,1,Station_19,88.97,Person_1479,3573390799.0,Scorpio,Pink,Cooking
REC01480,,69.5,41.6,5.79,E,1012.0,3.6,0,1,9,Station_14,55.81,Person_1480,3142352497.0,Gemini,White,Gaming
REC01481,,67.8,54.2,0.35,W,1018.0,0.4,11,0,6,Station_12,51.39,Person_1481,3152417479.0,Libra,Pink,Hiking
REC01482,36.9,98.5,68.5,6.27,N,1015.8,0.52,5,6,6,Station_14,97.29,Person_1482,3890042870.0,Scorpio,Red,Music
REC01483,28.9,84.0,86.0,,NW,1013.4,0.35,4,3,6,Station_5,99.17,Person_1483,3954997970.0,Virgo,White,Gaming
REC01484,12.1,53.8,52.9,2.78,E,1008.4,1.5,20,5,7,Station_18,87.13,Person_1484,3606228856.0,Cancer,Purple,Photography
REC01485,28.4,83.2,59.1,0.27,NW,1022.1,0.37,19,6,7,Station_1,,Person_1485,3146489257.0,Pisces,Purple,Sports
REC01486,19.7,67.4,57.4,80.0,W,1018.1,0.3,7,5,9,Station_16,54.7,Person_1486,3312512063.0,Aquarius,Yellow,Gardening
REC01487,12.4,54.3,47.3,,W,1010.8,0.18,17,5,7,Station_2,78.36,Person_1487,3451952280.0,Libra,Orange,Sports
REC01488,25.2,77.4,41.0,2.17,SW,1010.8,0.32,20,2,12,Station_3,,Person_1488,3588455056.0,Aries,Purple,Gardening
REC01489,21.3,70.4,59.5,0.31,NE,1003.9,0.06,17,3,8,Station_7,69.54,Person_1489,3216774546.0,Gemini,Orange,Gardening
REC01490,13.8,56.8,50.5,1.1,SW,1006.2,0.27,2,0,4,Station_23,-20.0,Person_1490,3505158162.0,Capricorn,Green,Music
REC01491,17.8,64.1,54.7,0.53,NE,1021.8,0.76,2,0,5,Station_8,83.52,Person_1491,3137264096.0,Cancer,Purple,Cinema
REC01492,22.5,72.5,59.9,1.4,S,1011.3,3.24,23,4,11,Station_24,89.61,Person_1492,3465541100.0,Gemini,Red,Photography
REC01493,14.5,58.0,52.8,4.55,W,1031.0,0.98,5,5,5,Station_22,59.91,Person_1493,3239249363.0,Capricorn,Orange,Music
REC01494,21.7,71.1,48.6,,SE,1016.1,0.05,15,2,4,Station_19,66.21,Person_1494,3554502159.0,Capricorn,Pink,Photography
REC01495,18.2,64.8,88.3,3.06,E,1010.5,1.08,16,3,6,Station_17,92.0,Person_1495,3009731014.0,Leo,Purple,Gardening
REC01496,9.5,49.2,80.8,5.59,W,1006.6,1.13,2,0,7,Station_8,94.02,Person_1496,3367457057.0,Aries,Pink,Cooking
REC01497,25.9,78.6,,0.0,NE,1020.7,0.23,23,4,11,Station_13,63.8,Person_1497,3268164723.0,Virgo,Green,Travel
REC01498,24.9,76.8,,,W,1022.7,1.48,8,1,8,Station_13,78.08,Person_1498,3193491158.0,Capricorn,White,Gaming
REC01499,22.1,71.8,85.3,3.49,S,1004.9,3.97,12,3,1,Station_2,80.17,Person_1499,3670859405.0,Sagittarius,Green,Travel
REC01500,,65.0,61.8,0.03,SE,1021.9,0.38,5,3,8,Station_15,69.41,Person_1500,3600249659.0,Aquarius,Yellow,Sports
REC01501,,46.5,,0.11,S,1012.6,0.58,9,3,2,Station_5,82.81,Person_1501,3724756557.0,Aquarius,White,Reading
REC01502,26.1,79.0,,0.59,N,1008.8,3.89,13,6,11,Station_15,86.9,Person_1502,3635576122.0,Aries,Pink,Sports
REC01503,26.3,79.4,71.6,,SW,1016.9,1.31,5,6,6,Station_24,103.56,Person_1503,3429250596.0,Virgo,Red,Photography
REC01504,19.6,67.2,,1.2,NW,1017.6,0.16,18,3,3,Station_20,,Person_1504,3596251280.0,Pisces,Orange,Cinema
REC01505,16.2,61.1,39.4,8.18,NW,1014.9,2.31,12,2,3,Station_23,37.08,Person_1505,3296099359.0,Aquarius,Green,Reading
REC01506,,56.3,73.8,,NW,1001.8,0.7,22,2,6,Station_7,109.13,Person_1506,3268021027.0,Aquarius,Red,Photography
REC01507,25.9,78.6,39.9,0.76,E,1022.9,0.5,20,5,4,Station_13,,Person_1507,3641008994.0,Gemini,Green,Cinema
REC01508,28.9,84.0,51.2,8.98,NE,1010.5,0.17,3,4,6,Station_21,75.0,Person_1508,3264438183.0,Cancer,Orange,Photography
REC01509,28.0,82.5,52.0,0.68,NE,1015.1,0.94,9,5,8,Station_1,38.53,Person_1509,3991503005.0,Taurus,Pink,Sports
REC01510,17.2,62.9,43.8,8.89,SW,1015.9,0.94,18,2,2,Station_8,49.18,Person_1510,3131003580.0,Gemini,Orange,Gardening
REC01511,11.1,52.1,,1.03,NE,1016.3,1.84,1,1,2,Station_8,,Person_1511,3285075727.0,Leo,Red,Reading
REC01512,9.0,48.3,78.8,1.82,S,1005.4,0.18,12,1,12,Station_1,82.81,Person_1512,3159487658.0,Cancer,Purple,Gaming
REC01513,28.1,82.7,59.2,0.55,NE,1012.1,0.79,20,6,9,Station_6,89.7,Person_1513,3097899140.0,Capricorn,Yellow,Sports
REC01514,19.1,66.4,83.0,1.83,W,1006.4,0.2,23,1,9,Station_3,110.34,Person_1514,3090810718.0,Aries,Orange,Reading
REC01515,26.6,79.8,63.7,1.27,E,1016.7,2.58,0,6,11,Station_17,75.02,Person_1515,3408106160.0,Libra,Yellow,Music
REC01516,20.8,69.5,48.4,0.07,NW,1012.3,0.27,6,6,7,Station_2,77.64,Person_1516,3429557515.0,Virgo,White,Music
REC01517,21.5,70.7,71.4,1.52,W,998.2,0.33,22,3,9,Station_7,67.87,Person_1517,3961469019.0,Pisces,Green,Cooking
REC01518,28.3,82.9,27.8,2.35,SW,1012.6,0.56,19,2,9,Station_15,53.57,Person_1518,3075479571.0,Taurus,Green,Hiking
REC01519,,78.8,43.1,0.37,NW,1023.0,0.01,6,5,8,Station_24,51.72,Person_1519,3817659953.0,Scorpio,Green,Sports
REC01520,15.4,59.8,70.8,1.84,SW,1012.2,1.78,0,4,10,Station_24,99.33,Person_1520,3821205039.0,Taurus,Orange,Sports
REC01521,,80.0,43.5,5.61,W,1006.2,0.65,22,3,11,Station_4,51.41,Person_1521,3172280326.0,Scorpio,Purple,Hiking
REC01522,26.8,80.2,48.9,9.25,N,1026.1,0.49,23,5,9,Station_6,45.5,Person_1522,3074599836.0,Scorpio,Blue,Sports
REC01523,13.6,56.5,75.6,4.1,S,1014.5,1.15,17,2,6,Station_1,52.34,Person_1523,3222127737.0,Virgo,Pink,Cinema
REC01524,23.0,73.4,,4.6,W,1009.3,0.1,19,3,3,Station_3,90.58,Person_1524,3715956920.0,Sagittarius,Purple,Hiking
REC01525,29.2,84.5,40.8,0.63,NW,1009.6,3.09,19,5,5,Station_10,54.8,Person_1525,3734656211.0,Virgo,Black,Gardening
REC01526,29.8,85.7,55.0,13.04,W,1004.3,0.66,1,5,7,Station_8,,Person_1526,3081782588.0,Aquarius,Yellow,Music
REC01527,18.3,65.0,67.6,0.74,E,1023.3,0.13,3,3,10,Station_7,101.56,Person_1527,3303412612.0,Cancer,Orange,Music
REC01528,19.1,66.4,77.4,2.86,E,1010.7,0.38,13,4,2,Station_3,87.07,Person_1528,3939507855.0,Libra,White,Travel
REC01529,21.0,69.7,47.7,0.66,SW,1016.0,0.08,13,5,7,Station_16,48.5,Person_1529,3106125095.0,Cancer,Green,Gardening
REC01530,,48.7,64.5,0.07,W,1022.7,1.18,18,6,5,Station_6,95.83,Person_1530,3935349489.0,Cancer,Pink,Gardening
REC01531,22.4,72.3,68.7,0.66,N,1031.4,1.35,3,6,1,Station_20,89.59,Person_1531,3592977367.0,Sagittarius,Gray,Reading
REC01532,17.4,63.3,52.2,0.21,E,1030.6,1.32,17,1,7,Station_10,90.44,Person_1532,3905831123.0,Sagittarius,Purple,Cinema
REC01533,20.6,69.1,71.7,2.46,SE,1017.6,0.75,13,6,4,Station_6,97.15,Person_1533,3600555572.0,Libra,Purple,Photography
REC01534,23.8,74.8,66.9,1.26,E,1002.6,1.95,23,2,3,Station_18,61.78,Person_1534,3660059298.0,Aquarius,Purple,Sports
REC01535,14.0,57.1,67.6,2.91,NW,1004.7,1.31,5,1,5,Station_16,77.81,Person_1535,3899170003.0,Scorpio,Pink,Hiking
REC01536,30.9,87.7,,3.33,SW,998.8,1.64,14,5,6,Station_5,98.56,Person_1536,3100564435.0,Capricorn,Red,Cinema
REC01537,10.6,51.1,85.1,4.3,W,1011.7,0.51,1,2,12,Station_3,133.58,Person_1537,3551265957.0,Aries,Gray,Cinema
REC01538,18.9,66.0,66.2,3.35,SW,1006.6,0.47,17,1,11,Station_23,71.85,Person_1538,3808847697.0,Virgo,White,Hiking
REC01539,16.3,61.4,74.3,3.64,NW,1010.5,0.67,3,1,9,Station_20,66.99,Person_1539,3536150914.0,Sagittarius,Gray,Reading
REC01540,,75.4,92.2,1.17,SE,1009.9,0.23,4,1,7,Station_17,96.29,Person_1540,3103226853.0,Scorpio,Green,Hiking
REC01541,30.0,86.1,76.5,0.83,SW,1017.5,1.42,21,1,4,Station_10,73.6,Person_1541,3103679946.0,Gemini,Orange,Sports
REC01542,23.2,73.8,60.8,,NW,1016.1,0.95,1,0,5,Station_6,104.24,Person_1542,3734220752.0,Leo,Gray,Hiking
REC01543,14.1,57.4,88.2,6.25,SE,1006.0,1.25,16,5,3,Station_8,82.09,Person_1543,3913308944.0,Leo,Gray,Cinema
REC01544,25.0,77.0,43.2,,NE,1018.3,1.41,0,4,6,Station_12,45.08,Person_1544,3059354546.0,Pisces,Gray,Cinema
REC01545,18.3,64.9,,3.9,N,1027.0,0.86,20,5,6,Station_22,59.99,Person_1545,3385568861.0,Pisces,White,Photography
REC01546,22.5,72.6,48.2,0.6,S,1005.3,0.12,23,3,9,Station_7,91.11,Person_1546,3800250148.0,Capricorn,Yellow,Hiking
REC01547,10.4,50.7,,2.63,NE,1008.9,0.93,20,4,11,Station_14,74.99,Person_1547,3840887327.0,Capricorn,Orange,Gaming
REC01548,7.5,45.5,52.6,0.09,NE,1017.2,0.74,10,5,12,Station_20,51.71,Person_1548,3302729801.0,Sagittarius,Black,Cinema
REC01549,15.5,59.9,34.5,1.31,NE,1005.3,0.16,11,6,5,Station_16,,Person_1549,3820818652.0,Capricorn,Pink,Gaming
REC01550,9.9,49.8,38.5,0.36,S,1014.3,1.35,19,0,11,Station_22,51.82,Person_1550,3340238390.0,Cancer,Pink,Cinema
REC01551,,101.0,36.3,,E,1027.4,3.73,15,4,3,Station_3,,Person_1551,3256531189.0,Aquarius,Yellow,Cooking
REC01552,23.3,74.0,73.6,0.6,E,1011.2,1.12,6,5,2,Station_4,81.23,Person_1552,3746788211.0,Cancer,Purple,Sports
REC01553,24.1,75.4,48.9,,S,1008.6,2.55,5,1,12,Station_15,56.11,Person_1553,3247208739.0,Aquarius,Green,Cinema
REC01554,30.6,87.1,38.6,3.56,SE,1019.0,1.23,15,2,7,Station_21,,Person_1554,3959829783.0,Pisces,Pink,Reading
REC01555,29.7,85.5,,0.09,SE,1001.3,0.41,7,0,12,Station_3,84.67,Person_1555,3740473967.0,Capricorn,Purple,Gardening
REC01556,,82.4,64.0,1.27,SE,1016.3,0.69,1,4,4,Station_16,108.15,Person_1556,3346490111.0,Virgo,Black,Cinema
REC01557,24.2,75.5,,9.98,W,1014.0,2.16,20,5,8,Station_5,65.3,Person_1557,3511659773.0,Aries,Yellow,Cooking
REC01558,36.4,97.6,46.4,,W,1022.8,2.91,19,4,2,Station_2,82.81,Person_1558,3596799306.0,Capricorn,Pink,Gaming
REC01559,27.1,80.8,82.1,1.68,E,994.3,0.27,7,3,10,Station_14,101.91,Person_1559,3320156757.0,Virgo,Gray,Photography
REC01560,13.0,55.4,56.3,1.12,SW,1017.3,1.09,3,2,3,Station_7,56.32,Person_1560,3327277445.0,Gemini,Red,Photography
REC01561,22.6,72.7,55.3,3.38,SE,1034.5,0.42,23,1,12,Station_7,93.86,Person_1561,3060507867.0,Leo,Blue,Reading
REC01562,,81.0,48.5,,SW,1016.4,1.94,6,1,7,Station_23,100.8,Person_1562,3561881453.0,Aquarius,Black,Photography
REC01563,,58.7,84.5,0.21,W,1020.7,0.27,10,0,9,Station_3,,Person_1563,3124733849.0,Sagittarius,Orange,Sports
REC01564,,62.6,24.6,2.76,N,1007.1,0.26,12,3,7,Station_12,73.31,Person_1564,3863002044.0,Capricorn,Gray,Sports
REC01565,19.9,67.8,50.2,2.84,S,1013.3,4.83,4,6,12,Station_7,58.22,Person_1565,3436212431.0,Libra,Orange,Gaming
REC01566,32.7,90.9,47.9,0.57,NW,1004.3,1.61,18,1,8,Station_7,63.69,Person_1566,3722013622.0,Pisces,Red,Travel
REC01567,23.2,73.7,63.5,2.69,W,1012.4,0.01,0,4,7,Station_5,90.6,Person_1567,3893363219.0,Gemini,Gray,Cinema
REC01568,30.5,86.9,54.1,,S,1011.2,0.54,9,1,4,Station_15,72.16,Person_1568,3509128022.0,Scorpio,Yellow,Sports
REC01569,18.4,65.2,81.6,4.11,N,1001.4,0.87,3,3,4,Station_23,70.93,Person_1569,3273713656.0,Gemini,Pink,Photography
REC01570,23.3,74.0,33.3,3.07,W,1010.8,1.13,8,4,2,Station_20,53.17,Person_1570,3744431060.0,Taurus,White,Cooking
REC01571,16.6,61.9,65.2,0.87,S,1022.1,0.95,3,2,10,Station_7,80.49,Person_1571,3918301188.0,Capricorn,Orange,Sports
REC01572,22.1,71.8,72.7,0.09,SW,1032.5,0.05,1,1,10,Station_20,,Person_1572,3115057396.0,Sagittarius,Red,Cooking
REC01573,17.4,63.3,48.5,,NW,1015.6,0.3,11,2,2,Station_23,89.03,Person_1573,3050516640.0,Pisces,Gray,Sports
REC01574,15.2,59.4,68.5,3.3,NE,1003.3,1.99,4,5,10,Station_18,79.42,Person_1574,3776486172.0,Capricorn,White,Hiking
REC01575,0.0,32.0,75.8,3.93,N,1004.5,0.42,23,2,4,Station_12,89.78,Person_1575,3101022696.0,Libra,White,Sports
REC01576,,59.2,26.3,,SW,1000.5,2.06,16,5,9,Station_23,49.62,Person_1576,3167280032.0,Leo,Pink,Gaming
REC01577,17.7,63.8,49.8,3.65,E,1003.7,1.53,2,3,10,Station_6,72.31,Person_1577,3266997299.0,Capricorn,Gray,Reading
REC01578,8.7,47.6,63.4,7.95,NW,1018.4,0.05,4,3,2,Station_14,83.28,Person_1578,3631362266.0,Virgo,Blue,Cinema
REC01579,29.1,84.3,,5.85,NE,1019.5,2.16,3,0,7,Station_17,,Person_1579,3144076344.0,Sagittarius,Green,Hiking
REC01580,,73.8,,6.19,N,1006.1,1.04,11,2,7,Station_6,,Person_1580,3462626397.0,Cancer,Red,Gardening
REC01581,,65.4,60.0,,NW,1007.6,0.73,17,5,12,Station_9,77.63,Person_1581,3369089167.0,Aries,Orange,Reading
REC01582,23.0,73.3,53.4,0.38,S,1022.9,0.47,3,3,9,Station_11,98.2,Person_1582,3101662334.0,Cancer,Orange,Music
REC01583,33.7,92.6,59.9,2.98,SW,1012.9,1.29,6,1,8,Station_15,70.86,Person_1583,3247903993.0,Libra,Black,Cooking
REC01584,25.3,77.5,48.3,1.98,N,1007.4,1.03,13,2,1,Station_1,,Person_1584,3949982803.0,Pisces,Green,Hiking
REC01585,11.6,52.9,66.3,3.9,E,1009.9,0.37,16,3,2,Station_5,67.49,Person_1585,3463820740.0,Gemini,Blue,Photography
REC01586,21.4,70.5,59.7,1.65,E,1011.0,0.0,6,6,9,Station_17,101.74,Person_1586,3076362780.0,Sagittarius,Gray,Reading
REC01587,20.3,68.5,68.9,0.53,S,1021.5,1.46,9,2,1,Station_4,73.59,Person_1587,3340148387.0,Virgo,Black,Cinema
REC01588,,40.7,55.3,,N,1019.7,1.5,13,5,11,Station_3,51.36,Person_1588,3681495896.0,Aries,Purple,Hiking
REC01589,21.1,69.9,60.9,2.23,SW,1014.3,0.09,20,4,10,Station_5,57.73,Person_1589,3221247747.0,Scorpio,Pink,Gardening
REC01590,,69.9,,2.07,W,1000.3,0.54,22,4,5,Station_8,81.44,Person_1590,3123763625.0,Virgo,Blue,Sports
REC01591,13.4,56.2,61.7,6.4,NW,1012.3,2.03,11,5,5,Station_20,,Person_1591,3559780559.0,Cancer,Yellow,Gaming
REC01592,22.1,71.7,33.5,,E,1018.9,1.4,15,4,3,Station_7,21.56,Person_1592,3047586070.0,Capricorn,Yellow,Cooking
REC01593,27.8,82.0,50.0,1.54,N,1007.2,0.53,11,5,5,Station_24,87.89,Person_1593,3184398951.0,Cancer,Gray,Hiking
REC01594,0.5,32.9,60.0,0.52,S,1023.1,1.26,11,5,12,Station_4,96.87,Person_1594,3798481566.0,Taurus,Pink,Sports
REC01595,31.1,88.0,75.3,2.14,S,1005.1,0.75,1,2,9,Station_9,119.34,Person_1595,3510673781.0,Gemini,Red,Travel
REC01596,27.2,80.9,82.1,,N,1008.0,1.35,5,2,6,Station_3,83.57,Person_1596,3646900463.0,Cancer,White,Photography
REC01597,19.3,66.7,,3.2,W,1010.9,2.17,13,6,8,Station_3,103.61,Person_1597,3453732317.0,Libra,Orange,Gardening
REC01598,26.7,80.1,38.6,0.03,E,1018.3,0.79,13,6,8,Station_10,57.33,Person_1598,3958678622.0,Cancer,Red,Gaming
REC01599,16.7,62.0,68.9,,NW,1008.1,0.4,22,1,10,Station_22,110.64,Person_1599,3681933384.0,Capricorn,Yellow,Music
REC01600,,67.9,31.0,7.35,SW,999.8,2.53,17,2,4,Station_8,44.98,Person_1600,3557378229.0,Aries,Green,Cooking
REC01601,,73.2,72.2,2.86,W,1011.0,0.51,1,6,6,Station_12,112.1,Person_1601,3122875806.0,Virgo,Green,Reading
REC01602,27.0,80.6,56.6,2.17,S,1016.0,0.39,16,5,8,Station_9,45.06,Person_1602,3752314473.0,Gemini,Purple,Travel
REC01603,,79.8,,1.78,W,1025.8,0.65,14,1,12,Station_6,59.12,Person_1603,3989741612.0,Virgo,White,Cinema
REC01604,19.2,66.6,63.4,1.53,E,1025.2,1.05,13,1,7,Station_23,75.45,Person_1604,3634907325.0,Scorpio,Pink,Gardening
REC01605,12.1,53.8,65.3,2.0,NE,1009.4,0.31,2,4,5,Station_20,74.52,Person_1605,3736093277.0,Sagittarius,Gray,Sports
REC01606,21.5,70.8,54.9,1.81,SE,1006.6,0.35,8,4,7,Station_8,67.41,Person_1606,3773972836.0,Cancer,Green,Music
REC01607,,38.7,58.6,2.54,N,1006.7,0.61,17,5,5,Station_3,74.4,Person_1607,3547491666.0,Virgo,Green,Gardening
REC01608,21.3,70.4,40.5,0.21,E,1008.2,0.27,4,3,5,Station_7,83.15,Person_1608,3634308334.0,Pisces,Red,Travel
REC01609,25.9,78.5,60.7,1.46,W,1010.2,0.33,3,1,6,Station_7,97.86,Person_1609,3526834824.0,Cancer,Blue,Travel
REC01610,18.0,64.5,73.1,1.16,W,1014.0,2.29,10,3,10,Station_10,101.6,Person_1610,3978967917.0,Taurus,Black,Hiking
REC01611,26.7,80.1,53.5,4.94,NW,1011.4,0.37,22,3,11,Station_10,88.01,Person_1611,3621430253.0,Pisces,Blue,Gaming
REC01612,10.9,51.7,76.6,6.3,SW,1006.2,0.99,2,0,6,Station_4,117.68,Person_1612,3275997176.0,Sagittarius,Orange,Cinema
REC01613,29.7,85.4,,0.46,SW,1004.6,1.49,12,2,12,Station_19,77.27,Person_1613,3530565996.0,Aquarius,Red,Music
REC01614,23.4,74.1,52.9,4.57,E,1023.7,0.19,20,5,9,Station_14,87.41,Person_1614,3523303676.0,Pisces,Blue,Cooking
REC01615,28.8,83.8,62.6,4.43,N,996.8,0.18,9,6,4,Station_18,63.51,Person_1615,3170251916.0,Sagittarius,Black,Travel
REC01616,25.5,77.9,69.6,14.32,SE,1015.6,0.3,19,2,12,Station_23,58.34,Person_1616,3389730351.0,Sagittarius,Green,Sports
REC01617,24.1,75.4,75.1,0.4,N,1022.6,0.33,17,3,5,Station_23,89.12,Person_1617,3572352597.0,Sagittarius,Green,Cooking
REC01618,22.0,71.6,37.6,2.52,SE,1008.6,1.36,19,0,12,Station_2,71.59,Person_1618,3181517036.0,Libra,Red,Gardening
REC01619,14.4,57.9,77.9,,SW,1010.0,0.32,6,2,6,Station_17,111.75,Person_1619,3911712684.0,Aries,White,Gardening
REC01620,33.3,91.9,48.6,,S,1024.9,0.35,19,1,2,Station_23,83.69,Person_1620,3323305759.0,Aquarius,Blue,Reading
REC01621,24.7,76.5,48.7,6.19,NE,1014.3,2.87,18,4,6,Station_7,85.96,Person_1621,3177904175.0,Taurus,Yellow,Music
REC01622,21.9,71.5,64.1,2.63,N,1018.1,0.98,4,2,7,Station_18,98.68,Person_1622,3344089543.0,Aquarius,White,Cinema
REC01623,9.7,49.5,,9.22,NW,1017.4,0.11,22,0,9,Station_11,33.12,Person_1623,3807893541.0,Leo,Blue,Travel
REC01624,18.2,64.7,69.0,4.78,N,1008.3,1.36,2,0,8,Station_15,105.06,Person_1624,3810387481.0,Libra,Red,Travel
REC01625,32.8,91.1,54.2,2.64,SE,1018.7,0.51,19,0,5,Station_21,81.1,Person_1625,3406852851.0,Gemini,Orange,Hiking
REC01626,15.2,59.4,61.7,,N,1011.3,0.81,18,3,9,Station_4,87.64,Person_1626,3601813521.0,Sagittarius,Pink,Cinema
REC01627,21.6,71.0,62.8,1.74,SE,1010.7,0.48,5,2,10,Station_4,97.65,Person_1627,3437144633.0,Taurus,Orange,Photography
REC01628,23.0,73.4,71.3,0.62,W,1006.0,0.54,9,4,8,Station_20,60.61,Person_1628,3896621600.0,Sagittarius,Blue,Gaming
REC01629,19.5,67.0,68.2,3.93,NE,1004.0,1.83,4,1,11,Station_4,91.36,Person_1629,3767146739.0,Cancer,Red,Gardening
REC01630,25.9,78.6,51.8,4.74,E,994.9,2.31,5,4,3,Station_22,59.68,Person_1630,3843716602.0,Libra,Gray,Hiking
REC01631,41.1,105.9,95.8,3.4,N,1011.7,2.65,7,3,9,Station_13,99.5,Person_1631,3636039269.0,Sagittarius,Purple,Cinema
REC01632,14.7,58.5,65.3,,N,1021.6,0.24,22,1,8,Station_13,87.36,Person_1632,3126943287.0,Aquarius,Gray,Hiking
REC01633,39.1,102.4,60.2,,S,1013.9,0.2,8,2,2,Station_19,59.03,Person_1633,3003960548.0,Aries,White,Photography
REC01634,15.3,59.6,72.8,,NW,1028.7,3.21,9,2,1,Station_22,107.07,Person_1634,3268442575.0,Virgo,Orange,Gardening
REC01635,,70.3,41.9,1.41,NW,1025.2,0.45,12,0,12,Station_9,69.1,Person_1635,3367968309.0,Taurus,White,Music
REC01636,26.5,79.8,,0.67,N,1001.3,0.01,16,1,5,Station_10,47.0,Person_1636,3570066032.0,Taurus,Blue,Music
REC01637,23.0,73.4,78.2,0.41,S,1036.3,0.74,4,1,3,Station_24,81.64,Person_1637,3452873226.0,Pisces,Pink,Music
REC01638,22.8,73.0,50.3,1.98,E,1007.0,2.24,20,6,3,Station_21,92.3,Person_1638,3194035323.0,Libra,Black,Travel
REC01639,28.4,83.1,57.9,1.41,NE,1006.7,0.16,22,4,3,Station_3,81.55,Person_1639,3985145632.0,Virgo,Pink,Cooking
REC01640,17.1,62.7,59.7,5.09,NE,1032.5,1.68,4,3,12,Station_4,79.22,Person_1640,3550246108.0,Capricorn,Red,Hiking
REC01641,,72.6,52.0,7.39,SE,1017.0,1.21,14,0,4,Station_11,55.79,Person_1641,3397892104.0,Pisces,Red,Photography
REC01642,21.9,71.4,56.7,4.0,W,1007.7,1.23,23,3,11,Station_16,79.85,Person_1642,3794716182.0,Sagittarius,Green,Cinema
REC01643,23.5,74.3,47.2,0.17,W,1010.5,0.97,21,3,9,Station_4,,Person_1643,3346838930.0,Capricorn,Yellow,Travel
REC01644,,66.9,80.8,4.27,S,1018.6,0.94,5,6,7,Station_14,82.91,Person_1644,3295622029.0,Taurus,Gray,Gardening
REC01645,,59.8,46.3,0.91,SW,1018.8,1.03,23,0,11,Station_9,84.61,Person_1645,3360246795.0,Sagittarius,Black,Reading
REC01646,28.2,82.8,55.3,1.59,SW,1020.4,0.46,2,3,10,Station_17,78.68,Person_1646,3266342309.0,Cancer,Gray,Hiking
REC01647,23.6,74.4,53.1,,SW,1008.8,0.3,17,6,4,Station_24,99.62,Person_1647,3580848548.0,Capricorn,Red,Sports
REC01648,29.1,84.5,58.6,0.38,NE,1010.3,0.04,5,3,6,Station_3,83.14,Person_1648,3407995387.0,Gemini,Gray,Cinema
REC01649,30.9,87.7,80.6,1.9,W,1016.9,0.85,18,0,3,Station_4,103.78,Person_1649,3625503091.0,Virgo,Gray,Cinema
REC01650,23.5,74.3,87.1,0.39,N,1000.6,2.28,5,0,4,Station_15,107.86,Person_1650,3842277122.0,Scorpio,Gray,Hiking
REC01651,29.7,85.4,76.8,1.76,NW,1018.5,0.48,15,2,8,Station_11,79.38,Person_1651,3731028963.0,Leo,Blue,Gardening
REC01652,19.6,67.3,54.1,0.19,SW,1014.9,0.59,0,3,7,Station_5,91.16,Person_1652,3697176512.0,Capricorn,Black,Gaming
REC01653,16.1,60.9,38.2,,W,1008.0,2.19,9,3,3,Station_4,57.73,Person_1653,3524331361.0,Capricorn,Red,Reading
REC01654,26.4,79.5,83.3,21.76,SE,1016.1,0.49,11,1,4,Station_9,,Person_1654,3029226100.0,Taurus,Red,Music
REC01655,23.9,75.0,74.2,5.52,NW,1009.5,0.38,20,3,11,Station_2,71.86,Person_1655,3429449348.0,Capricorn,Gray,Music
REC01656,18.7,65.7,86.8,0.2,SE,1014.6,1.47,6,3,3,Station_3,92.46,Person_1656,3959494292.0,Gemini,White,Hiking
REC01657,29.3,84.8,66.4,1.03,S,1013.7,0.12,12,1,7,Station_18,84.25,Person_1657,3822259471.0,Taurus,Red,Photography
REC01658,14.9,58.8,,3.97,SW,1011.0,0.69,7,1,11,Station_19,67.55,Person_1658,3368532329.0,Libra,Black,Reading
REC01659,20.6,69.1,84.5,,SW,1017.5,2.5,10,6,4,Station_5,78.84,Person_1659,3302157842.0,Aries,Orange,Music
REC01660,16.8,62.2,80.3,10.0,N,1016.3,0.23,23,3,11,Station_14,81.77,Person_1660,3321109199.0,Leo,White,Gardening
REC01661,12.8,55.1,84.4,5.63,E,1024.3,1.66,21,3,4,Station_20,83.4,Person_1661,3331803886.0,Pisces,White,Cooking
REC01662,18.1,64.5,,0.57,SE,1019.9,0.32,22,3,11,Station_13,,Person_1662,3285655724.0,Gemini,Gray,Gardening
REC01663,24.0,75.1,46.0,1.23,N,1017.0,2.88,13,3,7,Station_15,76.17,Person_1663,3125767459.0,Gemini,Red,Hiking
REC01664,35.6,96.0,,0.76,NW,1023.5,1.57,21,3,3,Station_17,61.16,Person_1664,3639503836.0,Sagittarius,Gray,Music
REC01665,29.9,85.7,62.3,4.08,S,1013.4,0.09,3,0,8,Station_21,70.43,Person_1665,3240770056.0,Cancer,Yellow,Cooking
REC01666,,71.3,53.3,3.86,E,1020.9,1.25,5,0,4,Station_6,75.07,Person_1666,3893603565.0,Capricorn,White,Gaming
REC01667,21.5,70.8,40.7,7.4,S,1014.5,0.55,14,0,8,Station_23,50.05,Person_1667,3227866341.0,Aquarius,Blue,Music
REC01668,42.0,107.6,63.1,3.93,E,1006.9,0.58,6,0,4,Station_13,62.13,Person_1668,3662025176.0,Virgo,Red,Music
REC01669,26.7,80.1,,0.68,SE,1009.9,0.71,17,0,4,Station_14,58.56,Person_1669,3090063987.0,Sagittarius,Pink,Hiking
REC01670,16.1,61.0,67.0,0.03,S,1024.6,0.28,0,3,3,Station_19,88.36,Person_1670,3199469710.0,Leo,Orange,Gaming
REC01671,,79.2,,0.04,SW,1014.3,3.4,3,6,5,Station_20,70.68,Person_1671,3519909884.0,Leo,Purple,Hiking
REC01672,16.9,62.5,39.4,4.76,N,1008.7,0.64,19,2,2,Station_7,47.34,Person_1672,3986644479.0,Scorpio,Purple,Photography
REC01673,18.3,65.0,,6.48,N,1016.0,0.7,14,5,10,Station_5,63.66,Person_1673,3261278659.0,Taurus,Purple,Reading
REC01674,,85.0,74.8,0.08,N,1019.3,1.06,16,6,12,Station_13,97.47,Person_1674,3715574711.0,Sagittarius,Gray,Travel
REC01675,18.2,64.8,62.1,,N,1008.9,0.22,13,0,1,Station_8,72.48,Person_1675,3092383605.0,Capricorn,Black,Gardening
REC01676,36.3,97.4,77.4,,NE,1017.5,0.27,0,6,12,Station_18,102.3,Person_1676,3962636064.0,Sagittarius,Green,Cinema
REC01677,16.6,61.8,58.0,1.01,NE,1006.8,2.5,6,0,4,Station_2,97.73,Person_1677,3229769256.0,Aquarius,Orange,Music
REC01678,16.0,60.9,66.6,0.95,W,1015.8,0.42,16,4,10,Station_3,111.47,Person_1678,3679298570.0,Gemini,Gray,Sports
REC01679,26.5,79.8,58.4,1.35,SW,1021.1,0.42,15,3,7,Station_7,84.08,Person_1679,3461237176.0,Sagittarius,Orange,Music
REC01680,23.5,74.4,67.1,1.21,NW,1011.4,0.01,8,2,2,Station_20,101.34,Person_1680,3397442494.0,Libra,White,Cooking
REC01681,,74.4,53.5,0.26,SW,1015.5,0.23,8,0,1,Station_12,74.29,Person_1681,3517426332.0,Aries,Blue,Hiking
REC01682,27.8,82.0,,0.87,S,1015.3,0.68,12,1,10,Station_21,78.87,Person_1682,3083058458.0,Virgo,White,Photography
REC01683,,85.9,72.0,5.02,SW,1012.2,1.25,4,4,4,Station_18,94.58,Person_1683,3082311923.0,Pisces,Purple,Cooking
REC01684,,73.1,75.8,1.26,SW,1008.4,0.01,16,0,1,Station_7,,Person_1684,3971757774.0,Virgo,Black,Reading
REC01685,23.5,74.3,56.0,0.76,NE,1016.3,1.4,18,5,3,Station_6,107.86,Person_1685,3419508967.0,Capricorn,Green,Gaming
REC01686,27.1,80.8,97.1,0.04,E,1002.5,1.57,20,1,6,Station_11,109.46,Person_1686,3078401648.0,Gemini,Green,Photography
REC01687,,74.7,62.6,4.37,E,1015.2,0.25,22,1,10,Station_5,85.44,Person_1687,3240266920.0,Aquarius,Purple,Cinema
REC01688,26.6,79.9,83.8,1.4,NE,1016.7,0.03,20,6,11,Station_6,87.96,Person_1688,3525489309.0,Virgo,Yellow,Cooking
REC01689,26.3,79.4,57.4,9.66,NE,1010.1,3.83,19,3,12,Station_9,55.81,Person_1689,3121561786.0,Aries,Gray,Music
REC01690,25.0,77.0,72.1,2.77,SW,1014.1,0.35,2,5,2,Station_1,97.44,Person_1690,3189885568.0,Capricorn,Red,Cinema
REC01691,10.9,51.5,72.1,0.81,N,1018.1,1.03,11,2,4,Station_19,94.45,Person_1691,3427624117.0,Libra,Blue,Cooking
REC01692,24.2,75.5,43.9,3.05,SE,1006.5,0.37,22,5,12,Station_5,63.92,Person_1692,3222916655.0,Aries,Orange,Gaming
REC01693,,69.8,56.5,0.13,NW,996.4,0.29,16,4,6,Station_10,63.87,Person_1693,3783708427.0,Scorpio,Orange,Cooking
REC01694,28.9,84.0,75.3,1.47,N,1015.3,0.4,13,1,5,Station_19,100.41,Person_1694,3170099927.0,Virgo,Red,Hiking
REC01695,23.2,73.7,,0.56,SW,1012.6,0.36,10,0,8,Station_13,86.59,Person_1695,3574826365.0,Aries,Green,Cinema
REC01696,36.7,98.1,,7.0,S,1021.6,1.23,19,0,9,Station_22,87.47,Person_1696,3692920010.0,Aries,Red,Travel
REC01697,36.1,96.9,96.3,7.86,N,1023.1,1.17,4,6,1,Station_4,104.77,Person_1697,3318990413.0,Aquarius,Orange,Cooking
REC01698,33.4,92.0,63.5,3.03,SE,1019.1,0.96,15,1,4,Station_24,67.0,Person_1698,3386951908.0,Taurus,Yellow,Cinema
REC01699,25.2,77.3,82.8,0.98,S,1007.7,0.84,3,5,1,Station_6,82.28,Person_1699,3447706037.0,Libra,Orange,Sports
REC01700,29.3,84.7,,3.35,E,1022.7,0.47,16,5,4,Station_1,78.17,Person_1700,3832175535.0,Capricorn,Orange,Gardening
REC01701,14.2,57.6,53.5,3.67,S,1011.0,1.1,3,3,2,Station_19,74.48,Person_1701,3559560958.0,Sagittarius,Red,Travel
REC01702,18.0,64.4,77.9,4.47,N,1006.9,1.53,6,5,2,Station_5,108.48,Person_1702,3578999110.0,Pisces,Red,Cooking
REC01703,12.6,54.7,55.2,,E,1017.9,0.37,3,2,9,Station_2,800.0,Person_1703,3850011800.0,Capricorn,White,Cinema
REC01704,19.0,66.3,92.8,17.22,SW,1011.4,0.28,6,3,7,Station_8,58.5,Person_1704,3981754105.0,Sagittarius,Purple,Cooking
REC01705,22.8,73.1,83.8,0.3,NE,1006.2,1.21,8,5,5,Station_7,,Person_1705,3997221370.0,Taurus,Purple,Travel
REC01706,8.9,48.0,,2.19,NW,1013.0,0.82,11,2,5,Station_9,100.2,Person_1706,3181418209.0,Aries,Yellow,Reading
REC01707,16.5,61.8,64.6,,SW,1020.1,1.31,4,0,9,Station_7,71.34,Person_1707,3892244094.0,Pisces,Purple,Reading
REC01708,20.6,69.1,67.4,,SW,1003.7,0.1,3,2,11,Station_11,100.85,Person_1708,3582083422.0,Pisces,Yellow,Hiking
REC01709,24.8,76.6,78.2,3.48,S,1004.9,2.47,20,6,6,Station_24,104.48,Person_1709,3943799392.0,Libra,Green,Gardening
REC01710,,49.6,38.6,4.71,E,1012.7,0.49,8,2,6,Station_15,52.09,Person_1710,3014502774.0,Taurus,White,Reading
REC01711,18.2,64.8,,8.66,SW,1006.7,1.14,12,0,8,Station_19,60.59,Person_1711,3421414097.0,Sagittarius,White,Reading
REC01712,24.2,75.6,,2.76,N,1003.2,0.71,14,4,8,Station_13,64.61,Person_1712,3032394202.0,Virgo,Orange,Hiking
REC01713,27.4,81.3,51.6,1.69,E,1032.6,2.69,10,1,8,Station_2,88.09,Person_1713,3237303257.0,Libra,Gray,Cooking
REC01714,15.0,59.0,87.1,0.35,SW,1030.4,1.09,7,3,4,Station_14,100.03,Person_1714,3920747037.0,Leo,Yellow,Cinema
REC01715,26.5,79.7,84.2,,SE,1012.6,0.32,20,6,11,Station_8,108.62,Person_1715,3682448431.0,Aries,Red,Gardening
REC01716,23.5,74.3,73.1,0.62,W,1002.2,0.06,4,0,8,Station_24,105.7,Person_1716,3575629767.0,Capricorn,Black,Hiking
REC01717,30.7,87.3,72.4,2.08,W,1014.7,0.05,6,6,4,Station_7,56.55,Person_1717,3497467461.0,Pisces,Green,Reading
REC01718,21.3,70.3,43.1,5.19,SE,1015.9,3.43,23,0,5,Station_24,69.22,Person_1718,3750184678.0,Sagittarius,Blue,Photography
REC01719,25.4,77.7,100.0,1.63,S,1025.4,2.02,12,1,4,Station_23,105.82,Person_1719,3181751861.0,Capricorn,Blue,Sports
REC01720,18.4,65.2,49.9,1.29,W,1011.8,0.65,2,4,7,Station_5,93.51,Person_1720,3587087471.0,Capricorn,Pink,Gardening
REC01721,5.0,40.9,60.9,2.95,NW,1022.6,2.15,19,6,3,Station_14,73.12,Person_1721,3359362098.0,Aries,White,Reading
REC01722,,56.7,57.4,0.95,NW,1011.3,1.97,22,2,9,Station_21,80.26,Person_1722,3167493118.0,Virgo,Orange,Music
REC01723,13.7,56.7,,0.26,W,1008.4,5.4,12,5,2,Station_16,52.03,Person_1723,3233015303.0,Scorpio,Green,Sports
REC01724,,86.7,83.0,3.04,N,1007.1,3.27,19,3,8,Station_18,127.66,Person_1724,3461121899.0,Pisces,Orange,Music
REC01725,33.7,92.6,15.8,1.61,N,1020.4,1.16,19,1,4,Station_19,55.83,Person_1725,3388742912.0,Leo,Black,Sports
REC01726,20.0,68.1,52.5,0.57,SE,1003.4,1.17,17,3,3,Station_6,46.46,Person_1726,3259539406.0,Aquarius,Pink,Hiking
REC01727,27.6,81.7,66.9,0.03,S,1010.9,0.76,7,3,1,Station_12,126.32,Person_1727,3623140145.0,Pisces,Orange,Gardening
REC01728,16.3,61.3,64.3,1.76,SE,1010.1,0.31,3,1,2,Station_7,,Person_1728,3962843538.0,Capricorn,Red,Travel
REC01729,30.5,87.0,,0.03,E,1003.2,3.42,5,2,3,Station_2,85.49,Person_1729,3725497568.0,Leo,White,Music
REC01730,22.1,71.8,48.7,1.51,E,1028.5,0.16,13,4,9,Station_21,56.1,Person_1730,3341652821.0,Gemini,Yellow,Travel
REC01731,21.7,71.1,66.7,3.12,S,1016.7,1.17,3,6,12,Station_15,88.63,Person_1731,3397655194.0,Gemini,Red,Photography
REC01732,23.3,73.9,69.4,1.06,NW,1003.9,1.09,7,4,4,Station_17,76.38,Person_1732,3575471418.0,Pisces,Pink,Reading
REC01733,17.3,63.1,66.6,0.36,SW,1023.0,0.14,5,3,2,Station_3,81.65,Person_1733,3299123879.0,Taurus,Green,Photography
REC01734,,65.0,73.1,1.19,S,1007.8,0.22,15,5,11,Station_7,84.28,Person_1734,3406371388.0,Pisces,Yellow,Sports
REC01735,19.5,67.1,69.0,5.91,E,1015.9,0.43,14,0,7,Station_16,,Person_1735,3993994472.0,Gemini,White,Cinema
REC01736,17.7,63.9,46.8,3.99,N,1010.3,0.49,20,3,8,Station_11,75.47,Person_1736,3952606208.0,Sagittarius,Pink,Travel
REC01737,17.6,63.7,88.0,,NE,1027.9,1.67,20,3,6,Station_19,,Person_1737,3901055829.0,Cancer,Pink,Hiking
REC01738,23.7,74.7,22.6,0.15,N,1022.7,0.85,21,2,10,Station_10,35.63,Person_1738,3482121009.0,Aquarius,Blue,Hiking
REC01739,28.5,83.3,53.2,3.97,SW,1001.9,0.17,10,6,2,Station_7,,Person_1739,3644151501.0,Aquarius,Pink,Travel
REC01740,20.0,68.0,48.6,1.32,NW,993.8,0.81,14,6,8,Station_1,79.84,Person_1740,3429473799.0,Aries,Black,Sports
REC01741,28.3,83.0,52.9,9.16,NW,1012.9,0.52,1,6,11,Station_11,64.24,Person_1741,3235954138.0,Leo,Orange,Music
REC01742,27.1,80.8,59.0,6.7,SE,992.3,0.79,2,6,3,Station_9,57.35,Person_1742,3529376978.0,Libra,White,Sports
REC01743,13.5,56.3,40.8,5.08,NW,1023.5,0.11,2,4,5,Station_7,60.39,Person_1743,3514426344.0,Leo,Pink,Cooking
REC01744,23.7,74.7,74.2,1.75,E,1013.7,1.08,4,1,9,Station_5,85.26,Person_1744,3824814002.0,Sagittarius,Pink,Cooking
REC01745,,93.6,54.3,1.69,NW,1004.4,2.27,17,6,8,Station_21,86.45,Person_1745,3834101138.0,Gemini,Black,Music
REC01746,31.3,88.4,,0.86,E,1004.4,0.33,9,4,9,Station_24,93.68,Person_1746,3756613845.0,Scorpio,Orange,Cinema
REC01747,13.1,55.6,,1.72,W,1009.1,1.96,16,2,3,Station_15,49.72,Person_1747,3820259085.0,Capricorn,Orange,Photography
REC01748,26.6,79.9,69.3,12.09,S,1026.2,1.03,9,0,3,Station_20,53.19,Person_1748,3780727397.0,Aquarius,Purple,Music
REC01749,34.1,93.3,73.2,4.14,SW,1011.9,0.35,9,6,4,Station_13,80.93,Person_1749,3976663135.0,Pisces,Black,Gaming
REC01750,20.3,68.5,81.4,1.25,N,1007.9,1.02,7,2,2,Station_17,122.51,Person_1750,3946103711.0,Pisces,Red,Sports
REC01751,7.7,45.9,44.5,1.92,E,1014.1,0.59,16,5,8,Station_22,68.76,Person_1751,3869020173.0,Virgo,Gray,Cooking
REC01752,20.8,69.5,47.7,2.29,N,1009.4,0.47,18,2,9,Station_1,65.02,Person_1752,3321902443.0,Virgo,White,Music
REC01753,28.9,84.0,55.8,0.66,SE,999.0,0.11,20,2,8,Station_13,71.69,Person_1753,3508555390.0,Sagittarius,Yellow,Sports
REC01754,30.4,86.8,46.2,6.22,SE,1017.3,0.09,20,5,7,Station_20,65.0,Person_1754,3379365764.0,Aries,Red,Travel
REC01755,23.0,73.5,78.2,,SW,1006.3,1.34,13,3,9,Station_1,121.33,Person_1755,3316715450.0,Libra,Gray,Travel
REC01756,29.6,85.3,69.0,2.78,S,1024.3,0.08,4,2,6,Station_20,88.01,Person_1756,3910232020.0,Virgo,White,Gardening
REC01757,19.7,67.5,37.7,2.01,S,1010.8,2.68,14,2,3,Station_8,76.67,Person_1757,3419144409.0,Scorpio,Black,Music
REC01758,13.7,56.7,51.5,,NW,1011.3,1.52,8,0,3,Station_20,76.59,Person_1758,3287635233.0,Taurus,Pink,Photography
REC01759,20.0,68.1,85.1,1.29,NW,1002.0,0.45,10,1,1,Station_19,85.17,Person_1759,3553997955.0,Gemini,Pink,Photography
REC01760,29.0,84.2,77.9,0.55,E,1010.4,2.42,10,4,5,Station_6,87.29,Person_1760,3088663780.0,Aries,Black,Cooking
REC01761,30.3,86.5,65.0,0.47,E,1013.1,0.12,22,2,10,Station_9,108.71,Person_1761,3689466355.0,Sagittarius,Pink,Reading
REC01762,35.2,95.4,46.0,7.23,NE,1023.8,0.23,23,0,1,Station_8,54.18,Person_1762,3937011513.0,Gemini,Purple,Sports
REC01763,9.4,48.9,60.9,6.52,E,1013.3,5.27,8,4,1,Station_4,64.79,Person_1763,3297591813.0,Gemini,Green,Reading
REC01764,15.5,59.9,45.0,1.53,NW,1007.8,0.06,15,3,11,Station_19,70.41,Person_1764,3564015679.0,Pisces,Orange,Cooking
REC01765,19.3,66.8,69.4,5.99,SE,1010.0,0.55,13,0,6,Station_4,62.08,Person_1765,3925661146.0,Sagittarius,Green,Photography
REC01766,,68.3,54.1,0.22,W,1024.5,1.19,6,2,5,Station_4,83.7,Person_1766,3164592949.0,Pisces,Blue,Cinema
REC01767,10.1,50.2,86.1,0.03,SW,1028.4,2.43,16,4,5,Station_24,104.18,Person_1767,3247958948.0,Scorpio,Yellow,Music
REC01768,31.1,87.9,60.3,0.13,W,1016.3,0.27,7,3,5,Station_9,59.99,Person_1768,3867776574.0,Pisces,Black,Cinema
REC01769,,82.5,65.3,,NE,1029.5,0.82,4,2,1,Station_11,85.09,Person_1769,3509770874.0,Virgo,Red,Music
REC01770,23.3,74.0,,,W,1004.8,0.91,9,1,11,Station_17,88.62,Person_1770,3867119810.0,Cancer,Orange,Reading
REC01771,23.6,74.6,61.6,7.47,W,1018.0,0.06,4,6,8,Station_3,82.46,Person_1771,3675348204.0,Capricorn,Green,Cooking
REC01772,10.2,50.3,69.7,1.45,E,1010.2,0.16,13,2,10,Station_24,83.66,Person_1772,3776687069.0,Scorpio,Orange,Music
REC01773,,73.2,55.8,2.79,W,1017.8,0.08,10,2,1,Station_2,104.66,Person_1773,3450181931.0,Leo,Red,Cooking
REC01774,16.9,62.4,42.7,0.56,NW,1019.9,1.48,6,2,5,Station_10,83.8,Person_1774,3589069229.0,Aquarius,Green,Travel
REC01775,15.6,60.1,81.5,0.61,SE,1001.2,0.15,2,5,5,Station_19,96.96,Person_1775,3202709174.0,Aquarius,Purple,Gardening
REC01776,25.3,77.6,84.5,,E,1020.8,2.06,20,4,12,Station_16,103.63,Person_1776,3316354343.0,Sagittarius,Orange,Sports
REC01777,13.9,57.1,21.9,4.96,SW,1007.8,0.25,9,4,3,Station_3,19.25,Person_1777,3958637244.0,Gemini,Red,Music
REC01778,10.7,51.3,73.1,2.36,N,1003.5,0.02,20,4,12,Station_4,97.05,Person_1778,3729226841.0,Pisces,Pink,Photography
REC01779,11.5,52.7,42.3,1.99,NW,1000.6,0.5,22,6,3,Station_10,86.95,Person_1779,3415008084.0,Aquarius,Gray,Photography
REC01780,23.3,73.9,42.8,0.3,NE,1027.3,1.49,2,3,11,Station_15,,Person_1780,3300770595.0,Aries,Pink,Sports
REC01781,24.2,75.5,25.4,,S,1019.1,0.55,17,5,2,Station_20,45.61,Person_1781,3163550962.0,Capricorn,Pink,Cooking
REC01782,,67.0,67.1,0.3,SE,1024.0,0.24,12,2,8,Station_5,,Person_1782,3480992295.0,Gemini,Purple,Travel
REC01783,18.7,65.7,55.1,0.02,SE,1003.1,0.84,7,5,11,Station_24,,Person_1783,3067519608.0,Capricorn,Green,Hiking
REC01784,32.4,90.4,64.0,3.19,W,1013.7,0.62,8,4,3,Station_23,81.04,Person_1784,3206470244.0,Aries,Gray,Photography
REC01785,19.3,66.8,64.9,0.67,W,1014.8,0.43,6,3,3,Station_24,91.21,Person_1785,3457283480.0,Cancer,Green,Photography
REC01786,5.0,41.1,84.8,,NE,1024.3,3.18,8,0,10,Station_3,117.2,Person_1786,3747374467.0,Aries,Pink,Cooking
REC01787,27.9,82.3,,0.97,SW,1009.7,1.08,22,1,12,Station_15,89.8,Person_1787,3866731826.0,Aquarius,Blue,Travel
REC01788,15.7,60.2,44.4,5.32,SW,1026.4,0.28,3,1,9,Station_16,,Person_1788,3768559798.0,Aquarius,White,Cinema
REC01789,17.7,63.9,44.8,0.75,SE,1006.7,0.37,9,1,11,Station_19,59.15,Person_1789,3258196207.0,Taurus,Purple,Gaming
REC01790,24.9,76.8,57.1,2.32,W,1015.9,2.25,3,0,11,Station_12,75.14,Person_1790,3201149046.0,Pisces,Pink,Photography
REC01791,19.4,67.0,65.6,0.51,W,1008.8,1.48,11,4,6,Station_13,88.81,Person_1791,3559105940.0,Leo,Orange,Gaming
REC01792,23.2,73.7,84.7,1.31,S,1016.7,0.65,2,1,6,Station_22,107.09,Person_1792,3381598164.0,Capricorn,Gray,Music
REC01793,,81.9,49.7,0.6,NE,1017.1,0.89,12,2,6,Station_11,50.7,Person_1793,3406505622.0,Gemini,White,Sports
REC01794,31.9,89.3,59.5,1.97,E,1006.1,1.37,17,1,9,Station_24,64.89,Person_1794,3026098254.0,Taurus,Pink,Reading
REC01795,16.7,62.0,48.9,0.52,S,1020.4,0.17,11,2,7,Station_19,54.41,Person_1795,3632490624.0,Gemini,Green,Sports
REC01796,17.5,63.5,66.4,4.64,W,1013.1,0.01,16,1,1,Station_19,70.21,Person_1796,3678043941.0,Aries,Pink,Photography
REC01797,30.3,86.5,41.3,2.12,E,1013.9,0.06,6,6,5,Station_22,42.15,Person_1797,3073570887.0,Aries,Green,Photography
REC01798,23.7,74.6,41.5,3.65,N,1011.1,0.8,6,6,11,Station_8,44.85,Person_1798,3476219155.0,Gemini,Yellow,Cinema
REC01799,18.9,66.0,53.8,7.89,N,1021.7,0.14,17,6,3,Station_21,72.52,Person_1799,3475838964.0,Taurus,Green,Hiking
REC01800,17.5,63.4,,3.01,SW,1013.9,0.07,3,6,10,Station_4,118.06,Person_1800,3667278155.0,Libra,Yellow,Gardening
